question_key,baseline_quality,enhanced_quality,baseline_proxy,enhanced_proxy,baseline_refusal,enhanced_refusal,improved,worsened,quality_u
O0001,2,2,U,complete,0,0,0,0,0
O0002,2,2,complete,complete,0,0,0,0,0
O0003,2,2,complete,complete,0,0,0,0,0
O0004,0,2,U,complete,1,0,1,0,0
O0005,2,2,complete,complete,0,0,0,0,0
O0006,2,2,complete,complete,0,0,0,0,0
O0007,0,2,U,complete,1,0,1,0,0
O0008,2,2,complete,complete,0,0,0,0,0
O0009,0,2,U,complete,1,0,1,0,0
O0010,0,2,U,complete,1,0,1,0,0
O0011,2,1,complete,U,0,0,0,1,0
