aid,question_key,condition,source,quality,proxy_status,proxy_score,rule_refusal,legacy_refusal
N0001,P0010,control_complete,基于机器学习算法的网贷信用风险模型研究_赵竞达.pdf,2,complete,0.0,0,0
N0002,P0006,control_complete,基于机器学习算法的信用债违约风险预测研究_李海科.pdf,2,complete,0.0,0,0
N0003,P0015,live_normal,采用机器学习算法预测贷款逾期风险的解决方案_张潇楠.pdf,2,complete,0.0,0,0
N0004,P0007,control_corrupted,基于机器学习算法的制造业上市公司信用风险研究_李宗拾.pdf,0,incomplete,0.5,0,0
N0005,P0005,live_normal,基于机器学习算法的信用债违约风险预测研究_李海科.pdf,2,complete,0.0,0,0
N0006,P0016,control_complete,采用机器学习算法预测贷款逾期风险的解决方案_张潇楠.pdf,2,complete,0.0,0,0
N0007,P0011,control_omitted,基于机器学习算法的股票收益率实证研究_李相宜.pdf,1,incomplete,0.3333333333333333,0,0
N0008,P0012,control_complete,基于机器学习算法的股票收益率实证研究_李相宜.pdf,2,complete,0.0,0,0
N0009,P0003,control_corrupted,基于机器学习算法的中国A股收益率预测与应用研究_郭昊晟.pdf,0,incomplete,0.5,0,0
N0010,P0016,live_normal,采用机器学习算法预测贷款逾期风险的解决方案_张潇楠.pdf,2,complete,0.0,0,0
N0011,P0001,control_corrupted,基于机器学习LightGBM算法的股票投资策略研究_刘辰宇.pdf,0,U,,0,0
N0012,P0013,control_omitted,线性与非线性机器学习算法在量化投资中的比较研究_杨佳琪.pdf,1,incomplete,0.3333333333333333,0,0
N0013,P0015,control_complete,采用机器学习算法预测贷款逾期风险的解决方案_张潇楠.pdf,2,complete,0.0,0,0
N0014,P0008,control_complete,基于机器学习算法的制造业上市公司信用风险研究_李宗拾.pdf,2,complete,0.0,0,0
N0015,P0002,control_omitted,基于机器学习LightGBM算法的股票投资策略研究_刘辰宇.pdf,1,U,,0,0
N0016,P0004,live_normal,基于机器学习算法的中国A股收益率预测与应用研究_郭昊晟.pdf,2,complete,0.0,0,0
N0017,P0007,control_omitted,基于机器学习算法的制造业上市公司信用风险研究_李宗拾.pdf,1,incomplete,0.5,0,0
N0018,P0010,live_normal,基于机器学习算法的网贷信用风险模型研究_赵竞达.pdf,2,complete,0.0,0,0
N0019,P0011,live_normal,基于机器学习算法的股票收益率实证研究_李相宜.pdf,2,complete,0.0,0,0
N0020,P0004,control_corrupted,基于机器学习算法的中国A股收益率预测与应用研究_郭昊晟.pdf,0,incomplete,0.5,0,0
N0021,P0013,live_normal,线性与非线性机器学习算法在量化投资中的比较研究_杨佳琪.pdf,2,complete,0.0,0,0
N0022,P0013,control_corrupted,线性与非线性机器学习算法在量化投资中的比较研究_杨佳琪.pdf,0,incomplete,0.3333333333333333,0,0
N0023,P0012,control_corrupted,基于机器学习算法的股票收益率实证研究_李相宜.pdf,0,incomplete,0.5,0,0
N0024,P0004,control_omitted,基于机器学习算法的中国A股收益率预测与应用研究_郭昊晟.pdf,1,incomplete,0.5,0,0
N0025,P0005,control_corrupted,基于机器学习算法的信用债违约风险预测研究_李海科.pdf,0,incomplete,0.5,0,0
N0026,P0002,live_normal,基于机器学习LightGBM算法的股票投资策略研究_刘辰宇.pdf,2,U,,0,0
N0027,P0012,control_omitted,基于机器学习算法的股票收益率实证研究_李相宜.pdf,1,incomplete,0.5,0,0
N0028,P0015,control_corrupted,采用机器学习算法预测贷款逾期风险的解决方案_张潇楠.pdf,0,incomplete,0.5,0,0
N0029,P0014,control_omitted,线性与非线性机器学习算法在量化投资中的比较研究_杨佳琪.pdf,1,incomplete,0.5,0,0
N0030,P0001,control_omitted,基于机器学习LightGBM算法的股票投资策略研究_刘辰宇.pdf,1,U,,0,0
N0031,P0003,control_omitted,基于机器学习算法的中国A股收益率预测与应用研究_郭昊晟.pdf,1,incomplete,0.5,0,0
N0032,P0003,live_normal,基于机器学习算法的中国A股收益率预测与应用研究_郭昊晟.pdf,2,complete,0.0,0,0
N0033,P0009,control_corrupted,基于机器学习算法的网贷信用风险模型研究_赵竞达.pdf,0,incomplete,0.5,0,0
N0034,P0014,live_normal,线性与非线性机器学习算法在量化投资中的比较研究_杨佳琪.pdf,2,complete,0.0,0,0
N0035,P0001,control_complete,基于机器学习LightGBM算法的股票投资策略研究_刘辰宇.pdf,2,U,,0,0
N0036,P0002,control_corrupted,基于机器学习LightGBM算法的股票投资策略研究_刘辰宇.pdf,0,U,,0,0
N0037,P0009,live_normal,基于机器学习算法的网贷信用风险模型研究_赵竞达.pdf,2,complete,0.0,0,0
N0038,P0014,control_complete,线性与非线性机器学习算法在量化投资中的比较研究_杨佳琪.pdf,2,complete,0.0,0,0
N0039,P0009,control_complete,基于机器学习算法的网贷信用风险模型研究_赵竞达.pdf,2,complete,0.0,0,0
N0040,P0007,live_normal,基于机器学习算法的制造业上市公司信用风险研究_李宗拾.pdf,2,complete,0.0,0,0
N0041,P0005,control_omitted,基于机器学习算法的信用债违约风险预测研究_李海科.pdf,1,incomplete,0.5,0,0
N0042,P0004,control_complete,基于机器学习算法的中国A股收益率预测与应用研究_郭昊晟.pdf,2,complete,0.0,0,0
N0043,P0008,live_normal,基于机器学习算法的制造业上市公司信用风险研究_李宗拾.pdf,2,complete,0.0,0,0
N0044,P0016,control_omitted,采用机器学习算法预测贷款逾期风险的解决方案_张潇楠.pdf,1,incomplete,0.5,0,0
N0045,P0001,live_normal,基于机器学习LightGBM算法的股票投资策略研究_刘辰宇.pdf,2,U,,0,0
N0046,P0013,control_complete,线性与非线性机器学习算法在量化投资中的比较研究_杨佳琪.pdf,2,complete,0.0,0,0
N0047,P0010,control_corrupted,基于机器学习算法的网贷信用风险模型研究_赵竞达.pdf,0,incomplete,0.5,0,0
N0048,P0010,control_omitted,基于机器学习算法的网贷信用风险模型研究_赵竞达.pdf,1,incomplete,0.5,0,0
N0049,P0008,control_omitted,基于机器学习算法的制造业上市公司信用风险研究_李宗拾.pdf,1,incomplete,0.5,0,0
N0050,P0005,control_complete,基于机器学习算法的信用债违约风险预测研究_李海科.pdf,2,complete,0.0,0,0
N0051,P0016,control_corrupted,采用机器学习算法预测贷款逾期风险的解决方案_张潇楠.pdf,0,incomplete,0.5,0,0
N0052,P0008,control_corrupted,基于机器学习算法的制造业上市公司信用风险研究_李宗拾.pdf,0,incomplete,0.5,0,0
N0053,P0011,control_complete,基于机器学习算法的股票收益率实证研究_李相宜.pdf,2,complete,0.0,0,0
N0054,P0002,control_complete,基于机器学习LightGBM算法的股票投资策略研究_刘辰宇.pdf,2,U,,0,0
N0055,P0006,control_omitted,基于机器学习算法的信用债违约风险预测研究_李海科.pdf,1,incomplete,0.5,0,0
N0056,P0012,live_normal,基于机器学习算法的股票收益率实证研究_李相宜.pdf,2,complete,0.0,0,0
N0057,P0007,control_complete,基于机器学习算法的制造业上市公司信用风险研究_李宗拾.pdf,2,complete,0.0,0,0
N0058,P0006,control_corrupted,基于机器学习算法的信用债违约风险预测研究_李海科.pdf,0,incomplete,0.5,0,0
N0059,P0009,control_omitted,基于机器学习算法的网贷信用风险模型研究_赵竞达.pdf,1,incomplete,0.5,0,0
N0060,P0015,control_omitted,采用机器学习算法预测贷款逾期风险的解决方案_张潇楠.pdf,1,incomplete,0.5,0,0
N0061,P0014,control_corrupted,线性与非线性机器学习算法在量化投资中的比较研究_杨佳琪.pdf,0,incomplete,0.5,0,0
N0062,P0003,control_complete,基于机器学习算法的中国A股收益率预测与应用研究_郭昊晟.pdf,2,complete,0.0,0,0
N0063,P0011,control_corrupted,基于机器学习算法的股票收益率实证研究_李相宜.pdf,0,incomplete,0.3333333333333333,0,0
N0064,P0006,live_normal,基于机器学习算法的信用债违约风险预测研究_李海科.pdf,2,complete,0.0,0,0
