question_key,source,reference_block_types,has_approximation_marker,unsuitable_as_exact_numeric_reference,test_answers_generated
P0001,基于机器学习算法的中国A股收益率预测与应用研究_郭昊晟.pdf,table,0,0,0
P0002,基于机器学习算法的中国A股收益率预测与应用研究_郭昊晟.pdf,table,0,0,0
P0003,基于机器学习算法的信用债违约风险预测研究_李海科.pdf,table,0,0,0
P0004,基于机器学习算法的信用债违约风险预测研究_李海科.pdf,chart,0,1,0
P0005,基于机器学习算法的制造业上市公司信用风险研究_李宗拾.pdf,table,0,0,0
P0006,基于机器学习算法的网贷信用风险模型研究_赵竞达.pdf,table,0,0,0
P0007,基于机器学习算法的网贷信用风险模型研究_赵竞达.pdf,chart,1,1,0
P0008,线性与非线性机器学习算法在量化投资中的比较研究_杨佳琪.pdf,table,0,0,0
P0009,线性与非线性机器学习算法在量化投资中的比较研究_杨佳琪.pdf,table,0,0,0
P0010,采用机器学习算法预测贷款逾期风险的解决方案_张潇楠.pdf,chart,1,1,0
P0011,采用机器学习算法预测贷款逾期风险的解决方案_张潇楠.pdf,chart,1,1,0
