aid,question_key,condition,quality,proxy_status,proxy_score,rule_refusal,legacy_refusal
V0001,O0006,control_complete,2,complete,0.0,0,0
V0002,O0004,live_enhanced,2,complete,0.0,0,0
V0003,O0004,live_baseline,2,complete,0.0,0,0
V0004,O0010,live_baseline,2,complete,0.0,0,0
V0005,O0005,live_enhanced,2,complete,0.0,0,0
V0006,O0007,control_complete,2,complete,0.0,0,0
V0007,O0003,live_enhanced,2,complete,0.0,0,0
V0008,O0010,control_complete,2,complete,0.0,0,0
V0009,O0009,live_baseline,2,complete,0.0,0,0
V0010,O0008,live_enhanced,2,complete,0.0,0,0
V0011,O0011,live_enhanced,2,complete,0.0,0,0
V0012,O0006,live_enhanced,2,complete,0.0,0,0
V0013,O0003,control_complete,2,complete,0.0,0,0
V0014,O0011,control_complete,2,complete,0.0,0,0
V0015,O0010,control_omitted,1,incomplete,0.5,0,0
V0016,O0011,live_baseline,1,U,,0,0
V0017,O0002,control_omitted,1,incomplete,0.5,0,0
V0018,O0008,live_baseline,2,complete,0.0,0,0
V0019,O0003,control_corrupted,0,incomplete,0.3333333333333333,0,0
V0020,O0004,control_corrupted,0,incomplete,0.3333333333333333,0,0
V0021,O0010,control_corrupted,0,incomplete,0.5,0,0
V0022,O0001,live_enhanced,2,complete,0.0,0,0
V0023,O0001,control_complete,2,complete,0.0,0,0
V0024,O0011,control_corrupted,0,incomplete,0.41666666666666663,0,0
V0025,O0001,control_corrupted,0,incomplete,0.5,0,0
V0026,O0006,control_corrupted,0,incomplete,0.3333333333333333,0,0
V0027,O0001,control_omitted,1,incomplete,0.5,0,0
V0028,O0011,control_omitted,1,incomplete,0.6666666666666666,0,0
V0029,O0002,live_enhanced,2,complete,0.0,0,0
V0030,O0007,control_omitted,1,incomplete,0.5,0,0
V0031,O0008,control_complete,2,complete,0.0,0,0
V0032,O0002,control_complete,2,complete,0.0,0,0
V0033,O0010,live_enhanced,2,complete,0.0,0,0
V0034,O0005,control_corrupted,0,incomplete,0.5,0,0
V0035,O0004,control_omitted,1,incomplete,0.3333333333333333,0,0
V0036,O0003,control_omitted,1,incomplete,0.3333333333333333,0,0
V0037,O0006,control_omitted,1,incomplete,0.3333333333333333,0,0
V0038,O0001,live_baseline,2,complete,0.0,0,0
V0039,O0009,control_complete,2,complete,0.0,0,0
V0040,O0008,control_corrupted,0,incomplete,0.3333333333333333,0,0
V0041,O0008,control_omitted,1,incomplete,0.3333333333333333,0,0
V0042,O0007,live_baseline,2,complete,0.0,0,0
V0043,O0004,control_complete,2,complete,0.0,0,0
V0044,O0005,live_baseline,2,complete,0.0,0,0
V0045,O0007,live_enhanced,2,complete,0.0,0,0
V0046,O0009,live_enhanced,2,complete,0.0,0,0
V0047,O0002,live_baseline,2,complete,0.0,0,0
V0048,O0005,control_complete,2,complete,0.0,0,0
V0049,O0009,control_corrupted,0,incomplete,0.5,0,0
V0050,O0006,live_baseline,2,complete,0.0,0,0
V0051,O0005,control_omitted,1,incomplete,0.5,0,0
V0052,O0007,control_corrupted,0,incomplete,0.5,0,0
V0053,O0002,control_corrupted,0,incomplete,0.5,0,0
V0054,O0009,control_omitted,1,incomplete,0.5,0,0
V0055,O0003,live_baseline,2,complete,0.0,0,0
