question_key,rank,status,added_tail_characters,removed_head_characters,before_characters,after_characters
O0001,1,repaired,11,92,2000,1919
O0001,2,repaired,12,14,2000,1998
O0001,3,unresolved_no_tail_boundary,0,0,2000,2000
O0002,1,repaired,28,0,653,681
O0002,2,repaired,8,50,2000,1958
O0002,3,repaired,5,10,2000,1995
O0003,1,repaired,11,0,722,733
O0003,2,repaired,32,63,2000,1969
O0003,3,repaired,23,37,2000,1986
O0004,1,repaired,24,0,672,696
O0004,2,repaired,116,133,2000,1983
O0004,3,repaired,8,0,672,680
O0005,1,repaired,12,0,816,828
O0005,2,repaired,32,0,1074,1106
O0005,3,repaired,31,0,807,838
O0006,1,repaired,46,118,2000,1928
O0006,2,unchanged_already_complete,0,0,1124,1124
O0006,3,repaired,175,250,2000,1925
O0007,1,repaired,1,0,737,738
O0007,2,repaired,3,0,729,732
O0007,3,repaired,145,145,2000,2000
O0008,1,repaired,73,0,1086,1159
O0008,2,repaired,33,0,1044,1077
O0008,3,repaired,138,0,1042,1180
O0009,1,repaired,3,4,2000,1999
O0009,2,repaired,110,0,1185,1295
O0009,3,repaired,33,80,2000,1953
O0010,1,repaired,3,0,1015,1018
O0010,2,repaired,240,0,998,1238
O0010,3,repaired,20,44,2000,1976
O0011,1,repaired,17,56,2000,1961
O0011,2,repaired,6,21,2000,1985
O0011,3,repaired,88,105,2000,1983
