aid,question_key,condition,source,quality,proxy,proxy_score,refusal,legacy_refusal
L0001,P0007,live_normal,面向不平衡数据集的机器学习算法对信贷风险的研究_游云贝.pdf,2,complete,0.0,0,0
L0002,P0015,live_corrupted,基于机器学习算法的黑色系期货价格预测_郭梓晗.pdf,0,incomplete,0.5,0,0
L0003,P0010,live_normal,基于机器学习和新闻文本的原油期货资产配置研究_钟浩.pdf,2,complete,0.0,0,0
L0004,P0017,live_normal,基于机器学习的实证资产定价研究_马甜.pdf,2,complete,0.0,0,0
L0005,P0004,live_corrupted,气候金融背景下的气温衍生品定价研究——基于机器学习算法_杨刚.pdf,0,incomplete,0.5,0,0
L0006,P0012,live_normal,信息熵在机器学习算法中的运用_张璐瑶.pdf,2,complete,0.0,0,0
L0007,P0017,live_corrupted,基于机器学习的实证资产定价研究_马甜.pdf,0,incomplete,0.5,0,0
L0008,P0003,live_corrupted,基于机器学习算法的P2P网络借贷信用评级产品设计_路杨宁.pdf,0,incomplete,0.5,0,0
L0009,P0016,live_normal,基于机器学习的实证资产定价研究_马甜.pdf,2,complete,0.0,0,0
L0010,P0010,live_corrupted,基于机器学习和新闻文本的原油期货资产配置研究_钟浩.pdf,0,incomplete,0.5,0,0
L0011,P0016,live_corrupted,基于机器学习的实证资产定价研究_马甜.pdf,0,incomplete,0.5,0,0
L0012,P0001,live_corrupted,基于文本挖掘和机器学习算法的股票投资研究_陆航航.pdf,0,incomplete,0.5,0,0
L0013,P0003,live_normal,基于机器学习算法的P2P网络借贷信用评级产品设计_路杨宁.pdf,2,complete,0.0,0,0
L0014,P0001,live_normal,基于文本挖掘和机器学习算法的股票投资研究_陆航航.pdf,2,complete,0.0,0,0
L0015,P0005,live_normal,气候金融背景下的气温衍生品定价研究——基于机器学习算法_杨刚.pdf,2,complete,0.0,0,0
L0016,P0004,live_normal,气候金融背景下的气温衍生品定价研究——基于机器学习算法_杨刚.pdf,2,complete,0.0,0,0
L0017,P0005,live_corrupted,气候金融背景下的气温衍生品定价研究——基于机器学习算法_杨刚.pdf,0,incomplete,0.3333333333333333,0,0
L0018,P0007,live_corrupted,面向不平衡数据集的机器学习算法对信贷风险的研究_游云贝.pdf,0,incomplete,0.5,0,0
L0019,P0015,live_normal,基于机器学习算法的黑色系期货价格预测_郭梓晗.pdf,2,complete,0.0,0,0
L0020,P0012,live_corrupted,信息熵在机器学习算法中的运用_张璐瑶.pdf,0,incomplete,0.5,0,0
