qid,necessary_points,cache_literal_matches,retrieved_literal_matches,whole_visible_mineru_matches,cache_all_quotes,retrieved_all_quotes,whole_visible_mineru_all_quotes,visible_sources,indexed_visible_sources,retrieved_passages,retrieved_characters,baseline_semantic_complete
fin_007,2,0,0,2,0,0,1,1,1,3,6000,1
fin_008,3,0,0,3,0,0,1,1,1,3,6000,1
fin_011,4,1,1,4,0,0,1,1,1,3,6000,0
fin_013,4,4,4,4,1,1,1,1,1,3,6000,1
fin_014,2,0,2,2,0,1,1,1,1,3,6000,0
fin_017,4,2,3,4,0,0,1,1,1,3,6000,0
fin_019,3,0,3,3,0,1,1,2,1,3,6000,0
fin_022,4,1,4,4,0,1,1,1,1,3,6000,1
fin_023,2,2,2,2,1,1,1,1,1,3,6000,1
fin_024,3,3,3,3,1,1,1,1,1,3,6000,1
fin_036,4,0,3,4,0,0,1,1,1,3,6000,0
fin_039,5,1,5,5,0,1,1,2,2,3,6000,0
