aid,question_key,condition,source,task_type,quality,proxy,refusal,finish_reason
R0001,T02_filtered_max,live_normal,面向不平衡数据集的机器学习算法对信贷风险的研究_游云贝.pdf,filtered_max,2,complete,0,stop
R0002,T09_filtered_max,live_normal,基于机器学习算法的互联网金融风控模型研究_范晶晶.pdf,filtered_max,0,incomplete,0,stop
R0003,T07_filtered_max,live_normal,基于机器学习算法的黑色系期货价格预测_郭梓晗.pdf,filtered_max,0,incomplete,0,stop
R0004,T05_filtered_max,live_normal,基于机器学习算法的商品期货配对交易策略研究_黎炫朝.pdf,filtered_max,2,complete,0,stop
R0005,T08_ratio,live_normal,基于机器学习的实证资产定价研究_马甜.pdf,ratio,2,complete,0,stop
R0006,T05_difference,live_table_distractor,基于机器学习算法的商品期货配对交易策略研究_黎炫朝.pdf,difference,2,complete,0,stop
R0007,T08_filtered_max,live_table_distractor,基于机器学习的实证资产定价研究_马甜.pdf,filtered_max,0,incomplete,0,stop
R0008,T02_difference,live_normal,面向不平衡数据集的机器学习算法对信贷风险的研究_游云贝.pdf,difference,2,complete,0,stop
R0009,T07_difference,live_normal,基于机器学习算法的黑色系期货价格预测_郭梓晗.pdf,difference,2,complete,0,stop
R0010,T05_difference,live_normal,基于机器学习算法的商品期货配对交易策略研究_黎炫朝.pdf,difference,2,complete,0,stop
R0011,T06_difference,live_normal,信息熵在机器学习算法中的运用_张璐瑶.pdf,difference,2,complete,0,stop
R0012,T09_ratio,live_normal,基于机器学习算法的互联网金融风控模型研究_范晶晶.pdf,ratio,2,complete,0,stop
R0013,T03_difference,live_normal,基于机器学习算法的选股与择时量化投资策略研究_孙博文.pdf,difference,2,complete,0,stop
R0014,T03_ratio,live_normal,基于机器学习算法的选股与择时量化投资策略研究_孙博文.pdf,ratio,2,complete,0,stop
R0015,T03_difference,live_table_distractor,基于机器学习算法的选股与择时量化投资策略研究_孙博文.pdf,difference,2,complete,0,stop
R0016,T05_filtered_max,live_table_distractor,基于机器学习算法的商品期货配对交易策略研究_黎炫朝.pdf,filtered_max,2,complete,0,stop
R0017,T05_ratio,live_normal,基于机器学习算法的商品期货配对交易策略研究_黎炫朝.pdf,ratio,0,incomplete,0,stop
R0018,T02_filtered_max,live_table_distractor,面向不平衡数据集的机器学习算法对信贷风险的研究_游云贝.pdf,filtered_max,2,complete,0,stop
R0019,T06_filtered_max,live_table_distractor,信息熵在机器学习算法中的运用_张璐瑶.pdf,filtered_max,2,complete,0,stop
R0020,T06_filtered_max,live_normal,信息熵在机器学习算法中的运用_张璐瑶.pdf,filtered_max,2,complete,0,stop
R0021,T03_filtered_max,live_table_distractor,基于机器学习算法的选股与择时量化投资策略研究_孙博文.pdf,filtered_max,2,complete,0,stop
R0022,T09_difference,live_table_distractor,基于机器学习算法的互联网金融风控模型研究_范晶晶.pdf,difference,2,complete,0,stop
R0023,T09_filtered_max,live_table_distractor,基于机器学习算法的互联网金融风控模型研究_范晶晶.pdf,filtered_max,2,complete,0,stop
R0024,T05_ratio,live_table_distractor,基于机器学习算法的商品期货配对交易策略研究_黎炫朝.pdf,ratio,2,complete,0,stop
R0025,T02_difference,live_table_distractor,面向不平衡数据集的机器学习算法对信贷风险的研究_游云贝.pdf,difference,2,complete,0,stop
R0026,T03_filtered_max,live_normal,基于机器学习算法的选股与择时量化投资策略研究_孙博文.pdf,filtered_max,2,complete,0,stop
R0027,T09_difference,live_normal,基于机器学习算法的互联网金融风控模型研究_范晶晶.pdf,difference,2,complete,0,stop
R0028,T02_ratio,live_normal,面向不平衡数据集的机器学习算法对信贷风险的研究_游云贝.pdf,ratio,0,incomplete,0,stop
R0029,T06_ratio,live_table_distractor,信息熵在机器学习算法中的运用_张璐瑶.pdf,ratio,2,complete,0,stop
R0030,T06_difference,live_table_distractor,信息熵在机器学习算法中的运用_张璐瑶.pdf,difference,2,complete,0,stop
R0031,T08_filtered_max,live_normal,基于机器学习的实证资产定价研究_马甜.pdf,filtered_max,2,U,0,stop
R0032,T03_ratio,live_table_distractor,基于机器学习算法的选股与择时量化投资策略研究_孙博文.pdf,ratio,2,complete,0,stop
R0033,T08_difference,live_table_distractor,基于机器学习的实证资产定价研究_马甜.pdf,difference,2,complete,0,stop
R0034,T07_difference,live_table_distractor,基于机器学习算法的黑色系期货价格预测_郭梓晗.pdf,difference,2,complete,0,stop
R0035,T09_ratio,live_table_distractor,基于机器学习算法的互联网金融风控模型研究_范晶晶.pdf,ratio,2,complete,0,stop
R0036,T07_filtered_max,live_table_distractor,基于机器学习算法的黑色系期货价格预测_郭梓晗.pdf,filtered_max,0,incomplete,0,stop
R0037,T08_ratio,live_table_distractor,基于机器学习的实证资产定价研究_马甜.pdf,ratio,2,complete,0,stop
R0038,T06_ratio,live_normal,信息熵在机器学习算法中的运用_张璐瑶.pdf,ratio,2,complete,0,stop
R0039,T08_difference,live_normal,基于机器学习的实证资产定价研究_马甜.pdf,difference,2,complete,0,stop
R0040,T07_ratio,live_table_distractor,基于机器学习算法的黑色系期货价格预测_郭梓晗.pdf,ratio,2,complete,0,stop
R0041,T07_ratio,live_normal,基于机器学习算法的黑色系期货价格预测_郭梓晗.pdf,ratio,2,complete,0,stop
R0042,T02_ratio,live_table_distractor,面向不平衡数据集的机器学习算法对信贷风险的研究_游云贝.pdf,ratio,0,incomplete,0,stop
