aid,question_key,condition,task_type,read_status,reason,numeric_matches,explicit_unit_conflict,primary_quality
R0005,T08_ratio,live_normal,ratio,readable,last_scalar_at_end_of_unique_result_field,1,0,2
R0006,T05_difference,live_table_distractor,difference,readable,last_scalar_at_end_of_unique_result_field,1,0,2
R0008,T02_difference,live_normal,difference,readable,last_scalar_at_end_of_unique_result_field,1,0,2
R0009,T07_difference,live_normal,difference,readable,last_scalar_at_end_of_unique_result_field,1,0,2
R0010,T05_difference,live_normal,difference,readable,last_scalar_at_end_of_unique_result_field,1,0,2
R0011,T06_difference,live_normal,difference,readable,last_scalar_at_end_of_unique_result_field,1,0,2
R0012,T09_ratio,live_normal,ratio,readable,last_scalar_at_end_of_unique_result_field,1,0,2
R0013,T03_difference,live_normal,difference,readable,last_scalar_at_end_of_unique_result_field,1,0,2
R0014,T03_ratio,live_normal,ratio,readable,last_scalar_at_end_of_unique_result_field,1,0,2
R0015,T03_difference,live_table_distractor,difference,readable,last_scalar_at_end_of_unique_result_field,1,0,2
R0017,T05_ratio,live_normal,ratio,readable,last_scalar_at_end_of_unique_result_field,0,0,0
R0022,T09_difference,live_table_distractor,difference,readable,last_scalar_at_end_of_unique_result_field,1,0,2
R0024,T05_ratio,live_table_distractor,ratio,readable,last_scalar_at_end_of_unique_result_field,1,0,2
R0025,T02_difference,live_table_distractor,difference,readable,last_scalar_at_end_of_unique_result_field,1,0,2
R0027,T09_difference,live_normal,difference,readable,last_scalar_at_end_of_unique_result_field,1,0,2
R0028,T02_ratio,live_normal,ratio,readable,last_scalar_at_end_of_unique_result_field,0,0,0
R0029,T06_ratio,live_table_distractor,ratio,readable,last_scalar_at_end_of_unique_result_field,1,0,2
R0030,T06_difference,live_table_distractor,difference,readable,last_scalar_at_end_of_unique_result_field,1,0,2
R0032,T03_ratio,live_table_distractor,ratio,readable,last_scalar_at_end_of_unique_result_field,1,0,2
R0033,T08_difference,live_table_distractor,difference,readable,last_scalar_at_end_of_unique_result_field,1,0,2
R0034,T07_difference,live_table_distractor,difference,readable,last_scalar_at_end_of_unique_result_field,1,0,2
R0035,T09_ratio,live_table_distractor,ratio,readable,last_scalar_at_end_of_unique_result_field,1,0,2
R0037,T08_ratio,live_table_distractor,ratio,readable,last_scalar_at_end_of_unique_result_field,1,0,2
R0038,T06_ratio,live_normal,ratio,readable,last_scalar_at_end_of_unique_result_field,1,0,2
R0039,T08_difference,live_normal,difference,readable,last_scalar_at_end_of_unique_result_field,1,0,2
R0040,T07_ratio,live_table_distractor,ratio,readable,last_scalar_at_end_of_unique_result_field,1,0,2
R0041,T07_ratio,live_normal,ratio,readable,last_scalar_at_end_of_unique_result_field,1,0,2
R0042,T02_ratio,live_table_distractor,ratio,readable,last_scalar_at_end_of_unique_result_field,0,0,0
