question_key,source,task_type,candidate_status,candidate_two_checks,normal_grid,distractor_grid,experimental_admission
T01_difference,基于机器学习算法的P2P网络借贷信用评级产品设计_路杨宁.pdf,difference,pending,1,1,0,0
T01_ratio,基于机器学习算法的P2P网络借贷信用评级产品设计_路杨宁.pdf,ratio,pending,1,1,0,0
T01_filtered_max,基于机器学习算法的P2P网络借贷信用评级产品设计_路杨宁.pdf,filtered_max,pending,1,1,0,0
T02_difference,面向不平衡数据集的机器学习算法对信贷风险的研究_游云贝.pdf,difference,pending,1,1,1,1
T02_ratio,面向不平衡数据集的机器学习算法对信贷风险的研究_游云贝.pdf,ratio,pending,1,1,1,1
T02_filtered_max,面向不平衡数据集的机器学习算法对信贷风险的研究_游云贝.pdf,filtered_max,pending,1,1,1,1
T03_difference,基于机器学习算法的选股与择时量化投资策略研究_孙博文.pdf,difference,pending,1,1,1,1
T03_ratio,基于机器学习算法的选股与择时量化投资策略研究_孙博文.pdf,ratio,pending,1,1,1,1
T03_filtered_max,基于机器学习算法的选股与择时量化投资策略研究_孙博文.pdf,filtered_max,pending,1,1,1,1
T04_difference,基于机器学习和新闻文本的原油期货资产配置研究_钟浩.pdf,difference,pending,1,1,0,0
T04_ratio,基于机器学习和新闻文本的原油期货资产配置研究_钟浩.pdf,ratio,pending,1,1,0,0
T04_filtered_max,基于机器学习和新闻文本的原油期货资产配置研究_钟浩.pdf,filtered_max,pending,1,1,0,0
T05_difference,基于机器学习算法的商品期货配对交易策略研究_黎炫朝.pdf,difference,pending,1,1,1,1
T05_ratio,基于机器学习算法的商品期货配对交易策略研究_黎炫朝.pdf,ratio,pending,1,1,1,1
T05_filtered_max,基于机器学习算法的商品期货配对交易策略研究_黎炫朝.pdf,filtered_max,pending,1,1,1,1
T06_difference,信息熵在机器学习算法中的运用_张璐瑶.pdf,difference,pending,1,1,1,1
T06_ratio,信息熵在机器学习算法中的运用_张璐瑶.pdf,ratio,pending,1,1,1,1
T06_filtered_max,信息熵在机器学习算法中的运用_张璐瑶.pdf,filtered_max,pending,1,1,1,1
T07_difference,基于机器学习算法的黑色系期货价格预测_郭梓晗.pdf,difference,pending,1,1,1,1
T07_ratio,基于机器学习算法的黑色系期货价格预测_郭梓晗.pdf,ratio,pending,1,1,1,1
T07_filtered_max,基于机器学习算法的黑色系期货价格预测_郭梓晗.pdf,filtered_max,pending,1,1,1,1
T08_difference,基于机器学习的实证资产定价研究_马甜.pdf,difference,pending,1,1,1,1
T08_ratio,基于机器学习的实证资产定价研究_马甜.pdf,ratio,pending,1,1,1,1
T08_filtered_max,基于机器学习的实证资产定价研究_马甜.pdf,filtered_max,pending,1,1,1,1
T09_difference,基于机器学习算法的互联网金融风控模型研究_范晶晶.pdf,difference,pending,1,1,1,1
T09_ratio,基于机器学习算法的互联网金融风控模型研究_范晶晶.pdf,ratio,pending,1,1,1,1
T09_filtered_max,基于机器学习算法的互联网金融风控模型研究_范晶晶.pdf,filtered_max,pending,1,1,1,1
