source,previously_in_corpus,known_question_count,history_excerpts,matched_intervals,unmatched_whole_excerpts,unused_exact_cards
个贷违约预测中机器学习算法的应用与评价研究_李安哲.pdf,1,7,33,17,16,4
信息熵在机器学习算法中的运用_张璐瑶.pdf,1,6,46,20,20,4
基于动量反转与机器学习的统计套利策略研究_汤孝海.pdf,1,7,31,18,13,4
基于可解释性机器学习的山东省碳排放时空格局及多尺度驱动因素分析_邓永鹏.pdf,1,8,20,2,18,4
基于因子模型和机器学习算法的股票预测研究_赵乐.pdf,1,7,17,7,10,4
基于文本挖掘和机器学习算法的股票投资研究_陆航航.pdf,1,7,15,6,9,4
基于机器学习LightGBM算法的股票投资策略研究_刘辰宇.pdf,1,9,33,8,12,4
基于机器学习和新闻文本的原油期货资产配置研究_钟浩.pdf,1,8,38,15,15,4
基于机器学习的债券市场收益率研究_张照月.pdf,1,6,18,7,11,4
基于机器学习的北向资金因子交易策略设计_王天屹.pdf,1,8,30,7,14,4
基于机器学习的实证资产定价研究_马甜.pdf,1,4,25,12,11,4
基于机器学习的家庭风险金融资产投资预测研究_王晓敏.pdf,1,5,33,10,11,4
基于机器学习的期货市场趋势研究_胡波.pdf,1,5,36,6,14,4
基于机器学习的股债市场联动研究_卢汉青.pdf,1,6,39,10,28,4
基于机器学习算法的P2P网络借贷信用评级产品设计_路杨宁.pdf,1,4,24,8,15,4
基于机器学习算法的中国A股收益率预测与应用研究_郭昊晟.pdf,1,13,47,11,20,4
基于机器学习算法的互联网金融风控模型研究_范晶晶.pdf,1,7,37,7,19,4
基于机器学习算法的信用债违约风险预测研究_李海科.pdf,1,8,42,6,13,4
基于机器学习算法的信贷性别歧视问题研究_李青.pdf,1,6,31,10,20,4
基于机器学习算法的制造业上市公司信用风险研究_李宗拾.pdf,1,7,40,13,15,4
基于机器学习算法的商品期货配对交易策略研究_黎炫朝.pdf,1,5,33,6,15,4
基于机器学习算法的时间序列组合及混合预测模型的研究与应用_衡佳妮.pdf,1,5,46,11,25,4
基于机器学习算法的网贷信用风险模型研究_赵竞达.pdf,1,10,28,5,7,4
基于机器学习算法的网贷平台违约风险预警研究_周欣.pdf,1,4,19,6,12,4
基于机器学习算法的股票收益率实证研究_李相宜.pdf,1,8,32,7,13,4
基于机器学习算法的股票收益率方向预测及分析_王芊.pdf,1,7,27,6,13,4
基于机器学习算法的选股与择时量化投资策略研究_孙博文.pdf,1,4,24,11,12,4
基于机器学习算法的黑色系期货价格预测_郭梓晗.pdf,1,4,14,9,3,4
基于集成机器学习算法的银行公司信贷客户违约预测模型研究_庄然.pdf,1,4,20,6,13,4
市场时机与行业轮动视角下基于机器学习的基金投资研究_陈皎.pdf,1,5,32,7,13,4
机器学习算法下的网络借贷反欺诈研究_许邦力.pdf,1,5,32,8,15,4
机器学习算法辅助下的投资组合模型研究_闵凉宇.pdf,1,5,37,10,18,4
机器学习驱动下考虑气候风险的投资策略研究_姚钰.pdf,1,4,21,6,15,4
气候金融背景下的气温衍生品定价研究——基于机器学习算法_杨刚.pdf,1,4,14,7,6,4
线性与非线性机器学习算法在量化投资中的比较研究_杨佳琪.pdf,1,8,33,5,16,4
采用机器学习算法预测贷款逾期风险的解决方案_张潇楠.pdf,1,8,50,10,14,4
面向不平衡数据集的机器学习算法对信贷风险的研究_游云贝.pdf,1,6,47,10,17,4
面向序列分类问题的机器学习算法集成及其应用_孟凡祥.pdf,1,4,22,6,15,4
