rate,method,stream,group,alarm_query
0.1,first_refusal,normal_00,normal,0
0.1,first_refusal,normal_01,normal,0
0.1,first_refusal,normal_02,normal,0
0.1,first_refusal,normal_03,normal,0
0.1,first_refusal,normal_04,normal,0
0.1,first_refusal,normal_05,normal,0
0.1,first_refusal,normal_06,normal,0
0.1,first_refusal,normal_07,normal,0
0.1,first_refusal,normal_08,normal,0
0.1,first_refusal,normal_09,normal,0
0.1,first_refusal,normal_10,normal,0
0.1,first_refusal,normal_11,normal,0
0.1,first_refusal,normal_12,normal,0
0.1,first_refusal,normal_13,normal,0
0.1,first_refusal,normal_14,normal,0
0.1,first_refusal,normal_15,normal,0
0.1,first_refusal,normal_16,normal,0
0.1,first_refusal,normal_17,normal,0
0.1,first_refusal,normal_18,normal,0
0.1,first_refusal,normal_19,normal,0
0.1,first_refusal,normal_20,normal,0
0.1,first_refusal,normal_21,normal,0
0.1,first_refusal,normal_22,normal,0
0.1,first_refusal,normal_23,normal,0
0.1,first_refusal,normal_24,normal,0
0.1,first_refusal,normal_25,normal,0
0.1,first_refusal,normal_26,normal,0
0.1,first_refusal,normal_27,normal,0
0.1,first_refusal,normal_28,normal,0
0.1,first_refusal,normal_29,normal,0
0.1,first_refusal,fault_10_00,fault,0
0.1,first_refusal,fault_10_01,fault,0
0.1,first_refusal,fault_10_02,fault,0
0.1,first_refusal,fault_10_03,fault,0
0.1,first_refusal,fault_10_04,fault,0
0.1,first_refusal,fault_10_05,fault,0
0.1,first_coverage,normal_00,normal,0
0.1,first_coverage,normal_01,normal,0
0.1,first_coverage,normal_02,normal,0
0.1,first_coverage,normal_03,normal,0
0.1,first_coverage,normal_04,normal,0
0.1,first_coverage,normal_05,normal,0
0.1,first_coverage,normal_06,normal,0
0.1,first_coverage,normal_07,normal,0
0.1,first_coverage,normal_08,normal,0
0.1,first_coverage,normal_09,normal,0
0.1,first_coverage,normal_10,normal,0
0.1,first_coverage,normal_11,normal,0
0.1,first_coverage,normal_12,normal,0
0.1,first_coverage,normal_13,normal,0
0.1,first_coverage,normal_14,normal,0
0.1,first_coverage,normal_15,normal,0
0.1,first_coverage,normal_16,normal,0
0.1,first_coverage,normal_17,normal,0
0.1,first_coverage,normal_18,normal,0
0.1,first_coverage,normal_19,normal,0
0.1,first_coverage,normal_20,normal,0
0.1,first_coverage,normal_21,normal,0
0.1,first_coverage,normal_22,normal,0
0.1,first_coverage,normal_23,normal,0
0.1,first_coverage,normal_24,normal,0
0.1,first_coverage,normal_25,normal,0
0.1,first_coverage,normal_26,normal,0
0.1,first_coverage,normal_27,normal,0
0.1,first_coverage,normal_28,normal,0
0.1,first_coverage,normal_29,normal,0
0.1,first_coverage,fault_10_00,fault,19
0.1,first_coverage,fault_10_01,fault,24
0.1,first_coverage,fault_10_02,fault,27
0.1,first_coverage,fault_10_03,fault,21
0.1,first_coverage,fault_10_04,fault,19
0.1,first_coverage,fault_10_05,fault,38
0.1,window5_two,normal_00,normal,0
0.1,window5_two,normal_01,normal,0
0.1,window5_two,normal_02,normal,0
0.1,window5_two,normal_03,normal,0
0.1,window5_two,normal_04,normal,0
0.1,window5_two,normal_05,normal,0
0.1,window5_two,normal_06,normal,0
0.1,window5_two,normal_07,normal,0
0.1,window5_two,normal_08,normal,0
0.1,window5_two,normal_09,normal,0
0.1,window5_two,normal_10,normal,0
0.1,window5_two,normal_11,normal,0
0.1,window5_two,normal_12,normal,0
0.1,window5_two,normal_13,normal,0
0.1,window5_two,normal_14,normal,0
0.1,window5_two,normal_15,normal,0
0.1,window5_two,normal_16,normal,0
0.1,window5_two,normal_17,normal,0
0.1,window5_two,normal_18,normal,0
0.1,window5_two,normal_19,normal,0
0.1,window5_two,normal_20,normal,0
0.1,window5_two,normal_21,normal,0
0.1,window5_two,normal_22,normal,0
0.1,window5_two,normal_23,normal,0
0.1,window5_two,normal_24,normal,0
0.1,window5_two,normal_25,normal,0
0.1,window5_two,normal_26,normal,0
0.1,window5_two,normal_27,normal,0
0.1,window5_two,normal_28,normal,0
0.1,window5_two,normal_29,normal,0
0.1,window5_two,fault_10_00,fault,26
0.1,window5_two,fault_10_01,fault,0
0.1,window5_two,fault_10_02,fault,28
0.1,window5_two,fault_10_03,fault,0
0.1,window5_two,fault_10_04,fault,20
0.1,window5_two,fault_10_05,fault,0
0.1,window5_calibrated,normal_00,normal,0
0.1,window5_calibrated,normal_01,normal,0
0.1,window5_calibrated,normal_02,normal,0
0.1,window5_calibrated,normal_03,normal,0
0.1,window5_calibrated,normal_04,normal,0
0.1,window5_calibrated,normal_05,normal,0
0.1,window5_calibrated,normal_06,normal,0
0.1,window5_calibrated,normal_07,normal,0
0.1,window5_calibrated,normal_08,normal,0
0.1,window5_calibrated,normal_09,normal,0
0.1,window5_calibrated,normal_10,normal,0
0.1,window5_calibrated,normal_11,normal,0
0.1,window5_calibrated,normal_12,normal,0
0.1,window5_calibrated,normal_13,normal,0
0.1,window5_calibrated,normal_14,normal,0
0.1,window5_calibrated,normal_15,normal,0
0.1,window5_calibrated,normal_16,normal,0
0.1,window5_calibrated,normal_17,normal,0
0.1,window5_calibrated,normal_18,normal,0
0.1,window5_calibrated,normal_19,normal,0
0.1,window5_calibrated,normal_20,normal,0
0.1,window5_calibrated,normal_21,normal,0
0.1,window5_calibrated,normal_22,normal,0
0.1,window5_calibrated,normal_23,normal,0
0.1,window5_calibrated,normal_24,normal,0
0.1,window5_calibrated,normal_25,normal,0
0.1,window5_calibrated,normal_26,normal,0
0.1,window5_calibrated,normal_27,normal,0
0.1,window5_calibrated,normal_28,normal,0
0.1,window5_calibrated,normal_29,normal,0
0.1,window5_calibrated,fault_10_00,fault,19
0.1,window5_calibrated,fault_10_01,fault,24
0.1,window5_calibrated,fault_10_02,fault,27
0.1,window5_calibrated,fault_10_03,fault,21
0.1,window5_calibrated,fault_10_04,fault,19
0.1,window5_calibrated,fault_10_05,fault,38
0.1,cusum_fixed,normal_00,normal,0
0.1,cusum_fixed,normal_01,normal,0
0.1,cusum_fixed,normal_02,normal,0
0.1,cusum_fixed,normal_03,normal,0
0.1,cusum_fixed,normal_04,normal,0
0.1,cusum_fixed,normal_05,normal,0
0.1,cusum_fixed,normal_06,normal,0
0.1,cusum_fixed,normal_07,normal,0
0.1,cusum_fixed,normal_08,normal,0
0.1,cusum_fixed,normal_09,normal,0
0.1,cusum_fixed,normal_10,normal,0
0.1,cusum_fixed,normal_11,normal,0
0.1,cusum_fixed,normal_12,normal,0
0.1,cusum_fixed,normal_13,normal,0
0.1,cusum_fixed,normal_14,normal,0
0.1,cusum_fixed,normal_15,normal,0
0.1,cusum_fixed,normal_16,normal,0
0.1,cusum_fixed,normal_17,normal,0
0.1,cusum_fixed,normal_18,normal,0
0.1,cusum_fixed,normal_19,normal,0
0.1,cusum_fixed,normal_20,normal,0
0.1,cusum_fixed,normal_21,normal,0
0.1,cusum_fixed,normal_22,normal,0
0.1,cusum_fixed,normal_23,normal,0
0.1,cusum_fixed,normal_24,normal,0
0.1,cusum_fixed,normal_25,normal,0
0.1,cusum_fixed,normal_26,normal,0
0.1,cusum_fixed,normal_27,normal,0
0.1,cusum_fixed,normal_28,normal,0
0.1,cusum_fixed,normal_29,normal,0
0.1,cusum_fixed,fault_10_00,fault,29
0.1,cusum_fixed,fault_10_01,fault,0
0.1,cusum_fixed,fault_10_02,fault,0
0.1,cusum_fixed,fault_10_03,fault,0
0.1,cusum_fixed,fault_10_04,fault,0
0.1,cusum_fixed,fault_10_05,fault,0
0.1,cusum_calibrated,normal_00,normal,0
0.1,cusum_calibrated,normal_01,normal,0
0.1,cusum_calibrated,normal_02,normal,0
0.1,cusum_calibrated,normal_03,normal,0
0.1,cusum_calibrated,normal_04,normal,0
0.1,cusum_calibrated,normal_05,normal,0
0.1,cusum_calibrated,normal_06,normal,0
0.1,cusum_calibrated,normal_07,normal,0
0.1,cusum_calibrated,normal_08,normal,0
0.1,cusum_calibrated,normal_09,normal,0
0.1,cusum_calibrated,normal_10,normal,0
0.1,cusum_calibrated,normal_11,normal,0
0.1,cusum_calibrated,normal_12,normal,0
0.1,cusum_calibrated,normal_13,normal,0
0.1,cusum_calibrated,normal_14,normal,0
0.1,cusum_calibrated,normal_15,normal,0
0.1,cusum_calibrated,normal_16,normal,0
0.1,cusum_calibrated,normal_17,normal,0
0.1,cusum_calibrated,normal_18,normal,0
0.1,cusum_calibrated,normal_19,normal,0
0.1,cusum_calibrated,normal_20,normal,0
0.1,cusum_calibrated,normal_21,normal,0
0.1,cusum_calibrated,normal_22,normal,0
0.1,cusum_calibrated,normal_23,normal,0
0.1,cusum_calibrated,normal_24,normal,0
0.1,cusum_calibrated,normal_25,normal,0
0.1,cusum_calibrated,normal_26,normal,0
0.1,cusum_calibrated,normal_27,normal,0
0.1,cusum_calibrated,normal_28,normal,0
0.1,cusum_calibrated,normal_29,normal,0
0.1,cusum_calibrated,fault_10_00,fault,19
0.1,cusum_calibrated,fault_10_01,fault,24
0.1,cusum_calibrated,fault_10_02,fault,27
0.1,cusum_calibrated,fault_10_03,fault,21
0.1,cusum_calibrated,fault_10_04,fault,19
0.1,cusum_calibrated,fault_10_05,fault,38
0.1,edetector_fixed100,normal_00,normal,0
0.1,edetector_fixed100,normal_01,normal,0
0.1,edetector_fixed100,normal_02,normal,0
0.1,edetector_fixed100,normal_03,normal,0
0.1,edetector_fixed100,normal_04,normal,0
0.1,edetector_fixed100,normal_05,normal,0
0.1,edetector_fixed100,normal_06,normal,0
0.1,edetector_fixed100,normal_07,normal,0
0.1,edetector_fixed100,normal_08,normal,0
0.1,edetector_fixed100,normal_09,normal,0
0.1,edetector_fixed100,normal_10,normal,0
0.1,edetector_fixed100,normal_11,normal,0
0.1,edetector_fixed100,normal_12,normal,0
0.1,edetector_fixed100,normal_13,normal,0
0.1,edetector_fixed100,normal_14,normal,0
0.1,edetector_fixed100,normal_15,normal,0
0.1,edetector_fixed100,normal_16,normal,0
0.1,edetector_fixed100,normal_17,normal,0
0.1,edetector_fixed100,normal_18,normal,0
0.1,edetector_fixed100,normal_19,normal,0
0.1,edetector_fixed100,normal_20,normal,0
0.1,edetector_fixed100,normal_21,normal,0
0.1,edetector_fixed100,normal_22,normal,0
0.1,edetector_fixed100,normal_23,normal,0
0.1,edetector_fixed100,normal_24,normal,0
0.1,edetector_fixed100,normal_25,normal,0
0.1,edetector_fixed100,normal_26,normal,0
0.1,edetector_fixed100,normal_27,normal,0
0.1,edetector_fixed100,normal_28,normal,0
0.1,edetector_fixed100,normal_29,normal,0
0.1,edetector_fixed100,fault_10_00,fault,29
0.1,edetector_fixed100,fault_10_01,fault,0
0.1,edetector_fixed100,fault_10_02,fault,28
0.1,edetector_fixed100,fault_10_03,fault,0
0.1,edetector_fixed100,fault_10_04,fault,20
0.1,edetector_fixed100,fault_10_05,fault,0
0.1,edetector_calibrated,normal_00,normal,0
0.1,edetector_calibrated,normal_01,normal,0
0.1,edetector_calibrated,normal_02,normal,0
0.1,edetector_calibrated,normal_03,normal,0
0.1,edetector_calibrated,normal_04,normal,0
0.1,edetector_calibrated,normal_05,normal,0
0.1,edetector_calibrated,normal_06,normal,0
0.1,edetector_calibrated,normal_07,normal,0
0.1,edetector_calibrated,normal_08,normal,0
0.1,edetector_calibrated,normal_09,normal,0
0.1,edetector_calibrated,normal_10,normal,0
0.1,edetector_calibrated,normal_11,normal,0
0.1,edetector_calibrated,normal_12,normal,0
0.1,edetector_calibrated,normal_13,normal,0
0.1,edetector_calibrated,normal_14,normal,0
0.1,edetector_calibrated,normal_15,normal,0
0.1,edetector_calibrated,normal_16,normal,0
0.1,edetector_calibrated,normal_17,normal,0
0.1,edetector_calibrated,normal_18,normal,0
0.1,edetector_calibrated,normal_19,normal,0
0.1,edetector_calibrated,normal_20,normal,0
0.1,edetector_calibrated,normal_21,normal,0
0.1,edetector_calibrated,normal_22,normal,0
0.1,edetector_calibrated,normal_23,normal,0
0.1,edetector_calibrated,normal_24,normal,0
0.1,edetector_calibrated,normal_25,normal,0
0.1,edetector_calibrated,normal_26,normal,0
0.1,edetector_calibrated,normal_27,normal,0
0.1,edetector_calibrated,normal_28,normal,0
0.1,edetector_calibrated,normal_29,normal,0
0.1,edetector_calibrated,fault_10_00,fault,19
0.1,edetector_calibrated,fault_10_01,fault,24
0.1,edetector_calibrated,fault_10_02,fault,27
0.1,edetector_calibrated,fault_10_03,fault,21
0.1,edetector_calibrated,fault_10_04,fault,19
0.1,edetector_calibrated,fault_10_05,fault,38
0.3,first_refusal,normal_00,normal,0
0.3,first_refusal,normal_01,normal,0
0.3,first_refusal,normal_02,normal,0
0.3,first_refusal,normal_03,normal,0
0.3,first_refusal,normal_04,normal,0
0.3,first_refusal,normal_05,normal,0
0.3,first_refusal,normal_06,normal,0
0.3,first_refusal,normal_07,normal,0
0.3,first_refusal,normal_08,normal,0
0.3,first_refusal,normal_09,normal,0
0.3,first_refusal,normal_10,normal,0
0.3,first_refusal,normal_11,normal,0
0.3,first_refusal,normal_12,normal,0
0.3,first_refusal,normal_13,normal,0
0.3,first_refusal,normal_14,normal,0
0.3,first_refusal,normal_15,normal,0
0.3,first_refusal,normal_16,normal,0
0.3,first_refusal,normal_17,normal,0
0.3,first_refusal,normal_18,normal,0
0.3,first_refusal,normal_19,normal,0
0.3,first_refusal,normal_20,normal,0
0.3,first_refusal,normal_21,normal,0
0.3,first_refusal,normal_22,normal,0
0.3,first_refusal,normal_23,normal,0
0.3,first_refusal,normal_24,normal,0
0.3,first_refusal,normal_25,normal,0
0.3,first_refusal,normal_26,normal,0
0.3,first_refusal,normal_27,normal,0
0.3,first_refusal,normal_28,normal,0
0.3,first_refusal,normal_29,normal,0
0.3,first_refusal,fault_30_00,fault,0
0.3,first_refusal,fault_30_01,fault,0
0.3,first_refusal,fault_30_02,fault,0
0.3,first_refusal,fault_30_03,fault,0
0.3,first_refusal,fault_30_04,fault,0
0.3,first_refusal,fault_30_05,fault,0
0.3,first_coverage,normal_00,normal,0
0.3,first_coverage,normal_01,normal,0
0.3,first_coverage,normal_02,normal,0
0.3,first_coverage,normal_03,normal,0
0.3,first_coverage,normal_04,normal,0
0.3,first_coverage,normal_05,normal,0
0.3,first_coverage,normal_06,normal,0
0.3,first_coverage,normal_07,normal,0
0.3,first_coverage,normal_08,normal,0
0.3,first_coverage,normal_09,normal,0
0.3,first_coverage,normal_10,normal,0
0.3,first_coverage,normal_11,normal,0
0.3,first_coverage,normal_12,normal,0
0.3,first_coverage,normal_13,normal,0
0.3,first_coverage,normal_14,normal,0
0.3,first_coverage,normal_15,normal,0
0.3,first_coverage,normal_16,normal,0
0.3,first_coverage,normal_17,normal,0
0.3,first_coverage,normal_18,normal,0
0.3,first_coverage,normal_19,normal,0
0.3,first_coverage,normal_20,normal,0
0.3,first_coverage,normal_21,normal,0
0.3,first_coverage,normal_22,normal,0
0.3,first_coverage,normal_23,normal,0
0.3,first_coverage,normal_24,normal,0
0.3,first_coverage,normal_25,normal,0
0.3,first_coverage,normal_26,normal,0
0.3,first_coverage,normal_27,normal,0
0.3,first_coverage,normal_28,normal,0
0.3,first_coverage,normal_29,normal,0
0.3,first_coverage,fault_30_00,fault,21
0.3,first_coverage,fault_30_01,fault,17
0.3,first_coverage,fault_30_02,fault,19
0.3,first_coverage,fault_30_03,fault,17
0.3,first_coverage,fault_30_04,fault,22
0.3,first_coverage,fault_30_05,fault,17
0.3,window5_two,normal_00,normal,0
0.3,window5_two,normal_01,normal,0
0.3,window5_two,normal_02,normal,0
0.3,window5_two,normal_03,normal,0
0.3,window5_two,normal_04,normal,0
0.3,window5_two,normal_05,normal,0
0.3,window5_two,normal_06,normal,0
0.3,window5_two,normal_07,normal,0
0.3,window5_two,normal_08,normal,0
0.3,window5_two,normal_09,normal,0
0.3,window5_two,normal_10,normal,0
0.3,window5_two,normal_11,normal,0
0.3,window5_two,normal_12,normal,0
0.3,window5_two,normal_13,normal,0
0.3,window5_two,normal_14,normal,0
0.3,window5_two,normal_15,normal,0
0.3,window5_two,normal_16,normal,0
0.3,window5_two,normal_17,normal,0
0.3,window5_two,normal_18,normal,0
0.3,window5_two,normal_19,normal,0
0.3,window5_two,normal_20,normal,0
0.3,window5_two,normal_21,normal,0
0.3,window5_two,normal_22,normal,0
0.3,window5_two,normal_23,normal,0
0.3,window5_two,normal_24,normal,0
0.3,window5_two,normal_25,normal,0
0.3,window5_two,normal_26,normal,0
0.3,window5_two,normal_27,normal,0
0.3,window5_two,normal_28,normal,0
0.3,window5_two,normal_29,normal,0
0.3,window5_two,fault_30_00,fault,22
0.3,window5_two,fault_30_01,fault,20
0.3,window5_two,fault_30_02,fault,31
0.3,window5_two,fault_30_03,fault,19
0.3,window5_two,fault_30_04,fault,33
0.3,window5_two,fault_30_05,fault,33
0.3,window5_calibrated,normal_00,normal,0
0.3,window5_calibrated,normal_01,normal,0
0.3,window5_calibrated,normal_02,normal,0
0.3,window5_calibrated,normal_03,normal,0
0.3,window5_calibrated,normal_04,normal,0
0.3,window5_calibrated,normal_05,normal,0
0.3,window5_calibrated,normal_06,normal,0
0.3,window5_calibrated,normal_07,normal,0
0.3,window5_calibrated,normal_08,normal,0
0.3,window5_calibrated,normal_09,normal,0
0.3,window5_calibrated,normal_10,normal,0
0.3,window5_calibrated,normal_11,normal,0
0.3,window5_calibrated,normal_12,normal,0
0.3,window5_calibrated,normal_13,normal,0
0.3,window5_calibrated,normal_14,normal,0
0.3,window5_calibrated,normal_15,normal,0
0.3,window5_calibrated,normal_16,normal,0
0.3,window5_calibrated,normal_17,normal,0
0.3,window5_calibrated,normal_18,normal,0
0.3,window5_calibrated,normal_19,normal,0
0.3,window5_calibrated,normal_20,normal,0
0.3,window5_calibrated,normal_21,normal,0
0.3,window5_calibrated,normal_22,normal,0
0.3,window5_calibrated,normal_23,normal,0
0.3,window5_calibrated,normal_24,normal,0
0.3,window5_calibrated,normal_25,normal,0
0.3,window5_calibrated,normal_26,normal,0
0.3,window5_calibrated,normal_27,normal,0
0.3,window5_calibrated,normal_28,normal,0
0.3,window5_calibrated,normal_29,normal,0
0.3,window5_calibrated,fault_30_00,fault,21
0.3,window5_calibrated,fault_30_01,fault,17
0.3,window5_calibrated,fault_30_02,fault,19
0.3,window5_calibrated,fault_30_03,fault,17
0.3,window5_calibrated,fault_30_04,fault,22
0.3,window5_calibrated,fault_30_05,fault,17
0.3,cusum_fixed,normal_00,normal,0
0.3,cusum_fixed,normal_01,normal,0
0.3,cusum_fixed,normal_02,normal,0
0.3,cusum_fixed,normal_03,normal,0
0.3,cusum_fixed,normal_04,normal,0
0.3,cusum_fixed,normal_05,normal,0
0.3,cusum_fixed,normal_06,normal,0
0.3,cusum_fixed,normal_07,normal,0
0.3,cusum_fixed,normal_08,normal,0
0.3,cusum_fixed,normal_09,normal,0
0.3,cusum_fixed,normal_10,normal,0
0.3,cusum_fixed,normal_11,normal,0
0.3,cusum_fixed,normal_12,normal,0
0.3,cusum_fixed,normal_13,normal,0
0.3,cusum_fixed,normal_14,normal,0
0.3,cusum_fixed,normal_15,normal,0
0.3,cusum_fixed,normal_16,normal,0
0.3,cusum_fixed,normal_17,normal,0
0.3,cusum_fixed,normal_18,normal,0
0.3,cusum_fixed,normal_19,normal,0
0.3,cusum_fixed,normal_20,normal,0
0.3,cusum_fixed,normal_21,normal,0
0.3,cusum_fixed,normal_22,normal,0
0.3,cusum_fixed,normal_23,normal,0
0.3,cusum_fixed,normal_24,normal,0
0.3,cusum_fixed,normal_25,normal,0
0.3,cusum_fixed,normal_26,normal,0
0.3,cusum_fixed,normal_27,normal,0
0.3,cusum_fixed,normal_28,normal,0
0.3,cusum_fixed,normal_29,normal,0
0.3,cusum_fixed,fault_30_00,fault,23
0.3,cusum_fixed,fault_30_01,fault,22
0.3,cusum_fixed,fault_30_02,fault,32
0.3,cusum_fixed,fault_30_03,fault,28
0.3,cusum_fixed,fault_30_04,fault,34
0.3,cusum_fixed,fault_30_05,fault,33
0.3,cusum_calibrated,normal_00,normal,0
0.3,cusum_calibrated,normal_01,normal,0
0.3,cusum_calibrated,normal_02,normal,0
0.3,cusum_calibrated,normal_03,normal,0
0.3,cusum_calibrated,normal_04,normal,0
0.3,cusum_calibrated,normal_05,normal,0
0.3,cusum_calibrated,normal_06,normal,0
0.3,cusum_calibrated,normal_07,normal,0
0.3,cusum_calibrated,normal_08,normal,0
0.3,cusum_calibrated,normal_09,normal,0
0.3,cusum_calibrated,normal_10,normal,0
0.3,cusum_calibrated,normal_11,normal,0
0.3,cusum_calibrated,normal_12,normal,0
0.3,cusum_calibrated,normal_13,normal,0
0.3,cusum_calibrated,normal_14,normal,0
0.3,cusum_calibrated,normal_15,normal,0
0.3,cusum_calibrated,normal_16,normal,0
0.3,cusum_calibrated,normal_17,normal,0
0.3,cusum_calibrated,normal_18,normal,0
0.3,cusum_calibrated,normal_19,normal,0
0.3,cusum_calibrated,normal_20,normal,0
0.3,cusum_calibrated,normal_21,normal,0
0.3,cusum_calibrated,normal_22,normal,0
0.3,cusum_calibrated,normal_23,normal,0
0.3,cusum_calibrated,normal_24,normal,0
0.3,cusum_calibrated,normal_25,normal,0
0.3,cusum_calibrated,normal_26,normal,0
0.3,cusum_calibrated,normal_27,normal,0
0.3,cusum_calibrated,normal_28,normal,0
0.3,cusum_calibrated,normal_29,normal,0
0.3,cusum_calibrated,fault_30_00,fault,21
0.3,cusum_calibrated,fault_30_01,fault,17
0.3,cusum_calibrated,fault_30_02,fault,19
0.3,cusum_calibrated,fault_30_03,fault,17
0.3,cusum_calibrated,fault_30_04,fault,22
0.3,cusum_calibrated,fault_30_05,fault,17
0.3,edetector_fixed100,normal_00,normal,0
0.3,edetector_fixed100,normal_01,normal,0
0.3,edetector_fixed100,normal_02,normal,0
0.3,edetector_fixed100,normal_03,normal,0
0.3,edetector_fixed100,normal_04,normal,0
0.3,edetector_fixed100,normal_05,normal,0
0.3,edetector_fixed100,normal_06,normal,0
0.3,edetector_fixed100,normal_07,normal,0
0.3,edetector_fixed100,normal_08,normal,0
0.3,edetector_fixed100,normal_09,normal,0
0.3,edetector_fixed100,normal_10,normal,0
0.3,edetector_fixed100,normal_11,normal,0
0.3,edetector_fixed100,normal_12,normal,0
0.3,edetector_fixed100,normal_13,normal,0
0.3,edetector_fixed100,normal_14,normal,0
0.3,edetector_fixed100,normal_15,normal,0
0.3,edetector_fixed100,normal_16,normal,0
0.3,edetector_fixed100,normal_17,normal,0
0.3,edetector_fixed100,normal_18,normal,0
0.3,edetector_fixed100,normal_19,normal,0
0.3,edetector_fixed100,normal_20,normal,0
0.3,edetector_fixed100,normal_21,normal,0
0.3,edetector_fixed100,normal_22,normal,0
0.3,edetector_fixed100,normal_23,normal,0
0.3,edetector_fixed100,normal_24,normal,0
0.3,edetector_fixed100,normal_25,normal,0
0.3,edetector_fixed100,normal_26,normal,0
0.3,edetector_fixed100,normal_27,normal,0
0.3,edetector_fixed100,normal_28,normal,0
0.3,edetector_fixed100,normal_29,normal,0
0.3,edetector_fixed100,fault_30_00,fault,22
0.3,edetector_fixed100,fault_30_01,fault,25
0.3,edetector_fixed100,fault_30_02,fault,32
0.3,edetector_fixed100,fault_30_03,fault,28
0.3,edetector_fixed100,fault_30_04,fault,34
0.3,edetector_fixed100,fault_30_05,fault,33
0.3,edetector_calibrated,normal_00,normal,0
0.3,edetector_calibrated,normal_01,normal,0
0.3,edetector_calibrated,normal_02,normal,0
0.3,edetector_calibrated,normal_03,normal,0
0.3,edetector_calibrated,normal_04,normal,0
0.3,edetector_calibrated,normal_05,normal,0
0.3,edetector_calibrated,normal_06,normal,0
0.3,edetector_calibrated,normal_07,normal,0
0.3,edetector_calibrated,normal_08,normal,0
0.3,edetector_calibrated,normal_09,normal,0
0.3,edetector_calibrated,normal_10,normal,0
0.3,edetector_calibrated,normal_11,normal,0
0.3,edetector_calibrated,normal_12,normal,0
0.3,edetector_calibrated,normal_13,normal,0
0.3,edetector_calibrated,normal_14,normal,0
0.3,edetector_calibrated,normal_15,normal,0
0.3,edetector_calibrated,normal_16,normal,0
0.3,edetector_calibrated,normal_17,normal,0
0.3,edetector_calibrated,normal_18,normal,0
0.3,edetector_calibrated,normal_19,normal,0
0.3,edetector_calibrated,normal_20,normal,0
0.3,edetector_calibrated,normal_21,normal,0
0.3,edetector_calibrated,normal_22,normal,0
0.3,edetector_calibrated,normal_23,normal,0
0.3,edetector_calibrated,normal_24,normal,0
0.3,edetector_calibrated,normal_25,normal,0
0.3,edetector_calibrated,normal_26,normal,0
0.3,edetector_calibrated,normal_27,normal,0
0.3,edetector_calibrated,normal_28,normal,0
0.3,edetector_calibrated,normal_29,normal,0
0.3,edetector_calibrated,fault_30_00,fault,21
0.3,edetector_calibrated,fault_30_01,fault,17
0.3,edetector_calibrated,fault_30_02,fault,19
0.3,edetector_calibrated,fault_30_03,fault,17
0.3,edetector_calibrated,fault_30_04,fault,22
0.3,edetector_calibrated,fault_30_05,fault,17
0.6,first_refusal,normal_00,normal,0
0.6,first_refusal,normal_01,normal,0
0.6,first_refusal,normal_02,normal,0
0.6,first_refusal,normal_03,normal,0
0.6,first_refusal,normal_04,normal,0
0.6,first_refusal,normal_05,normal,0
0.6,first_refusal,normal_06,normal,0
0.6,first_refusal,normal_07,normal,0
0.6,first_refusal,normal_08,normal,0
0.6,first_refusal,normal_09,normal,0
0.6,first_refusal,normal_10,normal,0
0.6,first_refusal,normal_11,normal,0
0.6,first_refusal,normal_12,normal,0
0.6,first_refusal,normal_13,normal,0
0.6,first_refusal,normal_14,normal,0
0.6,first_refusal,normal_15,normal,0
0.6,first_refusal,normal_16,normal,0
0.6,first_refusal,normal_17,normal,0
0.6,first_refusal,normal_18,normal,0
0.6,first_refusal,normal_19,normal,0
0.6,first_refusal,normal_20,normal,0
0.6,first_refusal,normal_21,normal,0
0.6,first_refusal,normal_22,normal,0
0.6,first_refusal,normal_23,normal,0
0.6,first_refusal,normal_24,normal,0
0.6,first_refusal,normal_25,normal,0
0.6,first_refusal,normal_26,normal,0
0.6,first_refusal,normal_27,normal,0
0.6,first_refusal,normal_28,normal,0
0.6,first_refusal,normal_29,normal,0
0.6,first_refusal,fault_60_00,fault,0
0.6,first_refusal,fault_60_01,fault,0
0.6,first_refusal,fault_60_02,fault,0
0.6,first_refusal,fault_60_03,fault,0
0.6,first_refusal,fault_60_04,fault,0
0.6,first_refusal,fault_60_05,fault,0
0.6,first_coverage,normal_00,normal,0
0.6,first_coverage,normal_01,normal,0
0.6,first_coverage,normal_02,normal,0
0.6,first_coverage,normal_03,normal,0
0.6,first_coverage,normal_04,normal,0
0.6,first_coverage,normal_05,normal,0
0.6,first_coverage,normal_06,normal,0
0.6,first_coverage,normal_07,normal,0
0.6,first_coverage,normal_08,normal,0
0.6,first_coverage,normal_09,normal,0
0.6,first_coverage,normal_10,normal,0
0.6,first_coverage,normal_11,normal,0
0.6,first_coverage,normal_12,normal,0
0.6,first_coverage,normal_13,normal,0
0.6,first_coverage,normal_14,normal,0
0.6,first_coverage,normal_15,normal,0
0.6,first_coverage,normal_16,normal,0
0.6,first_coverage,normal_17,normal,0
0.6,first_coverage,normal_18,normal,0
0.6,first_coverage,normal_19,normal,0
0.6,first_coverage,normal_20,normal,0
0.6,first_coverage,normal_21,normal,0
0.6,first_coverage,normal_22,normal,0
0.6,first_coverage,normal_23,normal,0
0.6,first_coverage,normal_24,normal,0
0.6,first_coverage,normal_25,normal,0
0.6,first_coverage,normal_26,normal,0
0.6,first_coverage,normal_27,normal,0
0.6,first_coverage,normal_28,normal,0
0.6,first_coverage,normal_29,normal,0
0.6,first_coverage,fault_60_00,fault,17
0.6,first_coverage,fault_60_01,fault,17
0.6,first_coverage,fault_60_02,fault,17
0.6,first_coverage,fault_60_03,fault,18
0.6,first_coverage,fault_60_04,fault,17
0.6,first_coverage,fault_60_05,fault,17
0.6,window5_two,normal_00,normal,0
0.6,window5_two,normal_01,normal,0
0.6,window5_two,normal_02,normal,0
0.6,window5_two,normal_03,normal,0
0.6,window5_two,normal_04,normal,0
0.6,window5_two,normal_05,normal,0
0.6,window5_two,normal_06,normal,0
0.6,window5_two,normal_07,normal,0
0.6,window5_two,normal_08,normal,0
0.6,window5_two,normal_09,normal,0
0.6,window5_two,normal_10,normal,0
0.6,window5_two,normal_11,normal,0
0.6,window5_two,normal_12,normal,0
0.6,window5_two,normal_13,normal,0
0.6,window5_two,normal_14,normal,0
0.6,window5_two,normal_15,normal,0
0.6,window5_two,normal_16,normal,0
0.6,window5_two,normal_17,normal,0
0.6,window5_two,normal_18,normal,0
0.6,window5_two,normal_19,normal,0
0.6,window5_two,normal_20,normal,0
0.6,window5_two,normal_21,normal,0
0.6,window5_two,normal_22,normal,0
0.6,window5_two,normal_23,normal,0
0.6,window5_two,normal_24,normal,0
0.6,window5_two,normal_25,normal,0
0.6,window5_two,normal_26,normal,0
0.6,window5_two,normal_27,normal,0
0.6,window5_two,normal_28,normal,0
0.6,window5_two,normal_29,normal,0
0.6,window5_two,fault_60_00,fault,18
0.6,window5_two,fault_60_01,fault,18
0.6,window5_two,fault_60_02,fault,29
0.6,window5_two,fault_60_03,fault,24
0.6,window5_two,fault_60_04,fault,18
0.6,window5_two,fault_60_05,fault,18
0.6,window5_calibrated,normal_00,normal,0
0.6,window5_calibrated,normal_01,normal,0
0.6,window5_calibrated,normal_02,normal,0
0.6,window5_calibrated,normal_03,normal,0
0.6,window5_calibrated,normal_04,normal,0
0.6,window5_calibrated,normal_05,normal,0
0.6,window5_calibrated,normal_06,normal,0
0.6,window5_calibrated,normal_07,normal,0
0.6,window5_calibrated,normal_08,normal,0
0.6,window5_calibrated,normal_09,normal,0
0.6,window5_calibrated,normal_10,normal,0
0.6,window5_calibrated,normal_11,normal,0
0.6,window5_calibrated,normal_12,normal,0
0.6,window5_calibrated,normal_13,normal,0
0.6,window5_calibrated,normal_14,normal,0
0.6,window5_calibrated,normal_15,normal,0
0.6,window5_calibrated,normal_16,normal,0
0.6,window5_calibrated,normal_17,normal,0
0.6,window5_calibrated,normal_18,normal,0
0.6,window5_calibrated,normal_19,normal,0
0.6,window5_calibrated,normal_20,normal,0
0.6,window5_calibrated,normal_21,normal,0
0.6,window5_calibrated,normal_22,normal,0
0.6,window5_calibrated,normal_23,normal,0
0.6,window5_calibrated,normal_24,normal,0
0.6,window5_calibrated,normal_25,normal,0
0.6,window5_calibrated,normal_26,normal,0
0.6,window5_calibrated,normal_27,normal,0
0.6,window5_calibrated,normal_28,normal,0
0.6,window5_calibrated,normal_29,normal,0
0.6,window5_calibrated,fault_60_00,fault,17
0.6,window5_calibrated,fault_60_01,fault,17
0.6,window5_calibrated,fault_60_02,fault,17
0.6,window5_calibrated,fault_60_03,fault,18
0.6,window5_calibrated,fault_60_04,fault,17
0.6,window5_calibrated,fault_60_05,fault,17
0.6,cusum_fixed,normal_00,normal,0
0.6,cusum_fixed,normal_01,normal,0
0.6,cusum_fixed,normal_02,normal,0
0.6,cusum_fixed,normal_03,normal,0
0.6,cusum_fixed,normal_04,normal,0
0.6,cusum_fixed,normal_05,normal,0
0.6,cusum_fixed,normal_06,normal,0
0.6,cusum_fixed,normal_07,normal,0
0.6,cusum_fixed,normal_08,normal,0
0.6,cusum_fixed,normal_09,normal,0
0.6,cusum_fixed,normal_10,normal,0
0.6,cusum_fixed,normal_11,normal,0
0.6,cusum_fixed,normal_12,normal,0
0.6,cusum_fixed,normal_13,normal,0
0.6,cusum_fixed,normal_14,normal,0
0.6,cusum_fixed,normal_15,normal,0
0.6,cusum_fixed,normal_16,normal,0
0.6,cusum_fixed,normal_17,normal,0
0.6,cusum_fixed,normal_18,normal,0
0.6,cusum_fixed,normal_19,normal,0
0.6,cusum_fixed,normal_20,normal,0
0.6,cusum_fixed,normal_21,normal,0
0.6,cusum_fixed,normal_22,normal,0
0.6,cusum_fixed,normal_23,normal,0
0.6,cusum_fixed,normal_24,normal,0
0.6,cusum_fixed,normal_25,normal,0
0.6,cusum_fixed,normal_26,normal,0
0.6,cusum_fixed,normal_27,normal,0
0.6,cusum_fixed,normal_28,normal,0
0.6,cusum_fixed,normal_29,normal,0
0.6,cusum_fixed,fault_60_00,fault,20
0.6,cusum_fixed,fault_60_01,fault,19
0.6,cusum_fixed,fault_60_02,fault,29
0.6,cusum_fixed,fault_60_03,fault,25
0.6,cusum_fixed,fault_60_04,fault,20
0.6,cusum_fixed,fault_60_05,fault,20
0.6,cusum_calibrated,normal_00,normal,0
0.6,cusum_calibrated,normal_01,normal,0
0.6,cusum_calibrated,normal_02,normal,0
0.6,cusum_calibrated,normal_03,normal,0
0.6,cusum_calibrated,normal_04,normal,0
0.6,cusum_calibrated,normal_05,normal,0
0.6,cusum_calibrated,normal_06,normal,0
0.6,cusum_calibrated,normal_07,normal,0
0.6,cusum_calibrated,normal_08,normal,0
0.6,cusum_calibrated,normal_09,normal,0
0.6,cusum_calibrated,normal_10,normal,0
0.6,cusum_calibrated,normal_11,normal,0
0.6,cusum_calibrated,normal_12,normal,0
0.6,cusum_calibrated,normal_13,normal,0
0.6,cusum_calibrated,normal_14,normal,0
0.6,cusum_calibrated,normal_15,normal,0
0.6,cusum_calibrated,normal_16,normal,0
0.6,cusum_calibrated,normal_17,normal,0
0.6,cusum_calibrated,normal_18,normal,0
0.6,cusum_calibrated,normal_19,normal,0
0.6,cusum_calibrated,normal_20,normal,0
0.6,cusum_calibrated,normal_21,normal,0
0.6,cusum_calibrated,normal_22,normal,0
0.6,cusum_calibrated,normal_23,normal,0
0.6,cusum_calibrated,normal_24,normal,0
0.6,cusum_calibrated,normal_25,normal,0
0.6,cusum_calibrated,normal_26,normal,0
0.6,cusum_calibrated,normal_27,normal,0
0.6,cusum_calibrated,normal_28,normal,0
0.6,cusum_calibrated,normal_29,normal,0
0.6,cusum_calibrated,fault_60_00,fault,17
0.6,cusum_calibrated,fault_60_01,fault,17
0.6,cusum_calibrated,fault_60_02,fault,17
0.6,cusum_calibrated,fault_60_03,fault,18
0.6,cusum_calibrated,fault_60_04,fault,17
0.6,cusum_calibrated,fault_60_05,fault,17
0.6,edetector_fixed100,normal_00,normal,0
0.6,edetector_fixed100,normal_01,normal,0
0.6,edetector_fixed100,normal_02,normal,0
0.6,edetector_fixed100,normal_03,normal,0
0.6,edetector_fixed100,normal_04,normal,0
0.6,edetector_fixed100,normal_05,normal,0
0.6,edetector_fixed100,normal_06,normal,0
0.6,edetector_fixed100,normal_07,normal,0
0.6,edetector_fixed100,normal_08,normal,0
0.6,edetector_fixed100,normal_09,normal,0
0.6,edetector_fixed100,normal_10,normal,0
0.6,edetector_fixed100,normal_11,normal,0
0.6,edetector_fixed100,normal_12,normal,0
0.6,edetector_fixed100,normal_13,normal,0
0.6,edetector_fixed100,normal_14,normal,0
0.6,edetector_fixed100,normal_15,normal,0
0.6,edetector_fixed100,normal_16,normal,0
0.6,edetector_fixed100,normal_17,normal,0
0.6,edetector_fixed100,normal_18,normal,0
0.6,edetector_fixed100,normal_19,normal,0
0.6,edetector_fixed100,normal_20,normal,0
0.6,edetector_fixed100,normal_21,normal,0
0.6,edetector_fixed100,normal_22,normal,0
0.6,edetector_fixed100,normal_23,normal,0
0.6,edetector_fixed100,normal_24,normal,0
0.6,edetector_fixed100,normal_25,normal,0
0.6,edetector_fixed100,normal_26,normal,0
0.6,edetector_fixed100,normal_27,normal,0
0.6,edetector_fixed100,normal_28,normal,0
0.6,edetector_fixed100,normal_29,normal,0
0.6,edetector_fixed100,fault_60_00,fault,18
0.6,edetector_fixed100,fault_60_01,fault,18
0.6,edetector_fixed100,fault_60_02,fault,30
0.6,edetector_fixed100,fault_60_03,fault,24
0.6,edetector_fixed100,fault_60_04,fault,18
0.6,edetector_fixed100,fault_60_05,fault,18
0.6,edetector_calibrated,normal_00,normal,0
0.6,edetector_calibrated,normal_01,normal,0
0.6,edetector_calibrated,normal_02,normal,0
0.6,edetector_calibrated,normal_03,normal,0
0.6,edetector_calibrated,normal_04,normal,0
0.6,edetector_calibrated,normal_05,normal,0
0.6,edetector_calibrated,normal_06,normal,0
0.6,edetector_calibrated,normal_07,normal,0
0.6,edetector_calibrated,normal_08,normal,0
0.6,edetector_calibrated,normal_09,normal,0
0.6,edetector_calibrated,normal_10,normal,0
0.6,edetector_calibrated,normal_11,normal,0
0.6,edetector_calibrated,normal_12,normal,0
0.6,edetector_calibrated,normal_13,normal,0
0.6,edetector_calibrated,normal_14,normal,0
0.6,edetector_calibrated,normal_15,normal,0
0.6,edetector_calibrated,normal_16,normal,0
0.6,edetector_calibrated,normal_17,normal,0
0.6,edetector_calibrated,normal_18,normal,0
0.6,edetector_calibrated,normal_19,normal,0
0.6,edetector_calibrated,normal_20,normal,0
0.6,edetector_calibrated,normal_21,normal,0
0.6,edetector_calibrated,normal_22,normal,0
0.6,edetector_calibrated,normal_23,normal,0
0.6,edetector_calibrated,normal_24,normal,0
0.6,edetector_calibrated,normal_25,normal,0
0.6,edetector_calibrated,normal_26,normal,0
0.6,edetector_calibrated,normal_27,normal,0
0.6,edetector_calibrated,normal_28,normal,0
0.6,edetector_calibrated,normal_29,normal,0
0.6,edetector_calibrated,fault_60_00,fault,17
0.6,edetector_calibrated,fault_60_01,fault,17
0.6,edetector_calibrated,fault_60_02,fault,17
0.6,edetector_calibrated,fault_60_03,fault,18
0.6,edetector_calibrated,fault_60_04,fault,17
0.6,edetector_calibrated,fault_60_05,fault,17
