rate,method,threshold,n_normal,false_alarms,far_h,far_ci_low,far_ci_high,n_fault,pre_alarms,detected,undetected,detect_rate,detect_ci_low,detect_ci_high,detect_given_no_pre,mean_detected_delay,restricted_post_delay
0.1,first_refusal,1.0,30,0,0.0,0.0,0.11570330822202779,6,0,0,6,0.0,0.0,0.4592581264399005,0.0,,25.0
0.1,first_coverage,1.0,30,0,0.0,0.0,0.11570330822202779,6,0,6,0,1.0,0.5407418735600995,1.0,1.0,8.666666666666666,8.666666666666666
0.1,window5_two,2.0,30,0,0.0,0.0,0.11570330822202779,6,0,3,3,0.5,0.11811724875702526,0.8818827512429748,0.5,8.666666666666666,16.833333333333332
0.1,window5_calibrated,1e-12,30,0,0.0,0.0,0.11570330822202779,6,0,6,0,1.0,0.5407418735600995,1.0,1.0,8.666666666666666,8.666666666666666
0.1,cusum_fixed,4.605170185988092,30,0,0.0,0.0,0.11570330822202779,6,0,1,5,0.16666666666666666,0.0042107445144894725,0.6412345789976748,0.16666666666666666,13.0,23.0
0.1,cusum_calibrated,1e-12,30,0,0.0,0.0,0.11570330822202779,6,0,6,0,1.0,0.5407418735600995,1.0,1.0,8.666666666666666,8.666666666666666
0.1,edetector_fixed100,100.0,30,0,0.0,0.0,0.11570330822202779,6,0,3,3,0.5,0.11811724875702526,0.8818827512429748,0.5,9.666666666666666,17.333333333333332
0.1,edetector_calibrated,1.000000001,30,0,0.0,0.0,0.11570330822202779,6,0,6,0,1.0,0.5407418735600995,1.0,1.0,8.666666666666666,8.666666666666666
0.3,first_refusal,1.0,30,0,0.0,0.0,0.11570330822202779,6,0,0,6,0.0,0.0,0.4592581264399005,0.0,,25.0
0.3,first_coverage,1.0,30,0,0.0,0.0,0.11570330822202779,6,0,6,0,1.0,0.5407418735600995,1.0,1.0,2.8333333333333335,2.8333333333333335
0.3,window5_two,2.0,30,0,0.0,0.0,0.11570330822202779,6,0,6,0,1.0,0.5407418735600995,1.0,1.0,10.333333333333334,10.333333333333334
0.3,window5_calibrated,1e-12,30,0,0.0,0.0,0.11570330822202779,6,0,6,0,1.0,0.5407418735600995,1.0,1.0,2.8333333333333335,2.8333333333333335
0.3,cusum_fixed,4.605170185988092,30,0,0.0,0.0,0.11570330822202779,6,0,6,0,1.0,0.5407418735600995,1.0,1.0,12.666666666666666,12.666666666666666
0.3,cusum_calibrated,1e-12,30,0,0.0,0.0,0.11570330822202779,6,0,6,0,1.0,0.5407418735600995,1.0,1.0,2.8333333333333335,2.8333333333333335
0.3,edetector_fixed100,100.0,30,0,0.0,0.0,0.11570330822202779,6,0,6,0,1.0,0.5407418735600995,1.0,1.0,13.0,13.0
0.3,edetector_calibrated,1.000000001,30,0,0.0,0.0,0.11570330822202779,6,0,6,0,1.0,0.5407418735600995,1.0,1.0,2.8333333333333335,2.8333333333333335
0.6,first_refusal,1.0,30,0,0.0,0.0,0.11570330822202779,6,0,0,6,0.0,0.0,0.4592581264399005,0.0,,25.0
0.6,first_coverage,1.0,30,0,0.0,0.0,0.11570330822202779,6,0,6,0,1.0,0.5407418735600995,1.0,1.0,1.1666666666666667,1.1666666666666667
0.6,window5_two,2.0,30,0,0.0,0.0,0.11570330822202779,6,0,6,0,1.0,0.5407418735600995,1.0,1.0,4.833333333333333,4.833333333333333
0.6,window5_calibrated,1e-12,30,0,0.0,0.0,0.11570330822202779,6,0,6,0,1.0,0.5407418735600995,1.0,1.0,1.1666666666666667,1.1666666666666667
0.6,cusum_fixed,4.605170185988092,30,0,0.0,0.0,0.11570330822202779,6,0,6,0,1.0,0.5407418735600995,1.0,1.0,6.166666666666667,6.166666666666667
0.6,cusum_calibrated,1e-12,30,0,0.0,0.0,0.11570330822202779,6,0,6,0,1.0,0.5407418735600995,1.0,1.0,1.1666666666666667,1.1666666666666667
0.6,edetector_fixed100,100.0,30,0,0.0,0.0,0.11570330822202779,6,0,6,0,1.0,0.5407418735600995,1.0,1.0,5.0,5.0
0.6,edetector_calibrated,1.000000001,30,0,0.0,0.0,0.11570330822202779,6,0,6,0,1.0,0.5407418735600995,1.0,1.0,1.1666666666666667,1.1666666666666667
