rate,stream,step,method,statistic,threshold
0.1,fault_10_00,1,first_refusal,0.0,1.0
0.1,fault_10_00,2,first_refusal,0.0,1.0
0.1,fault_10_00,3,first_refusal,0.0,1.0
0.1,fault_10_00,4,first_refusal,0.0,1.0
0.1,fault_10_00,5,first_refusal,0.0,1.0
0.1,fault_10_00,6,first_refusal,0.0,1.0
0.1,fault_10_00,7,first_refusal,0.0,1.0
0.1,fault_10_00,8,first_refusal,0.0,1.0
0.1,fault_10_00,9,first_refusal,0.0,1.0
0.1,fault_10_00,10,first_refusal,0.0,1.0
0.1,fault_10_00,11,first_refusal,0.0,1.0
0.1,fault_10_00,12,first_refusal,0.0,1.0
0.1,fault_10_00,13,first_refusal,0.0,1.0
0.1,fault_10_00,14,first_refusal,0.0,1.0
0.1,fault_10_00,15,first_refusal,0.0,1.0
0.1,fault_10_00,16,first_refusal,0.0,1.0
0.1,fault_10_00,17,first_refusal,0.0,1.0
0.1,fault_10_00,18,first_refusal,0.0,1.0
0.1,fault_10_00,19,first_refusal,0.0,1.0
0.1,fault_10_00,20,first_refusal,0.0,1.0
0.1,fault_10_00,21,first_refusal,0.0,1.0
0.1,fault_10_00,22,first_refusal,0.0,1.0
0.1,fault_10_00,23,first_refusal,0.0,1.0
0.1,fault_10_00,24,first_refusal,0.0,1.0
0.1,fault_10_00,25,first_refusal,0.0,1.0
0.1,fault_10_00,26,first_refusal,0.0,1.0
0.1,fault_10_00,27,first_refusal,0.0,1.0
0.1,fault_10_00,28,first_refusal,0.0,1.0
0.1,fault_10_00,29,first_refusal,0.0,1.0
0.1,fault_10_00,30,first_refusal,0.0,1.0
0.1,fault_10_00,31,first_refusal,0.0,1.0
0.1,fault_10_00,32,first_refusal,0.0,1.0
0.1,fault_10_00,33,first_refusal,0.0,1.0
0.1,fault_10_00,34,first_refusal,0.0,1.0
0.1,fault_10_00,35,first_refusal,0.0,1.0
0.1,fault_10_00,36,first_refusal,0.0,1.0
0.1,fault_10_00,37,first_refusal,0.0,1.0
0.1,fault_10_00,38,first_refusal,0.0,1.0
0.1,fault_10_00,39,first_refusal,0.0,1.0
0.1,fault_10_00,40,first_refusal,0.0,1.0
0.1,fault_10_00,1,first_coverage,0.0,1.0
0.1,fault_10_00,2,first_coverage,0.0,1.0
0.1,fault_10_00,3,first_coverage,0.0,1.0
0.1,fault_10_00,4,first_coverage,0.0,1.0
0.1,fault_10_00,5,first_coverage,0.0,1.0
0.1,fault_10_00,6,first_coverage,0.0,1.0
0.1,fault_10_00,7,first_coverage,0.0,1.0
0.1,fault_10_00,8,first_coverage,0.0,1.0
0.1,fault_10_00,9,first_coverage,0.0,1.0
0.1,fault_10_00,10,first_coverage,0.0,1.0
0.1,fault_10_00,11,first_coverage,0.0,1.0
0.1,fault_10_00,12,first_coverage,0.0,1.0
0.1,fault_10_00,13,first_coverage,0.0,1.0
0.1,fault_10_00,14,first_coverage,0.0,1.0
0.1,fault_10_00,15,first_coverage,0.0,1.0
0.1,fault_10_00,16,first_coverage,0.0,1.0
0.1,fault_10_00,17,first_coverage,0.0,1.0
0.1,fault_10_00,18,first_coverage,0.0,1.0
0.1,fault_10_00,19,first_coverage,1.0,1.0
0.1,fault_10_00,20,first_coverage,0.0,1.0
0.1,fault_10_00,21,first_coverage,0.0,1.0
0.1,fault_10_00,22,first_coverage,0.0,1.0
0.1,fault_10_00,23,first_coverage,0.0,1.0
0.1,fault_10_00,24,first_coverage,1.0,1.0
0.1,fault_10_00,25,first_coverage,0.0,1.0
0.1,fault_10_00,26,first_coverage,1.0,1.0
0.1,fault_10_00,27,first_coverage,0.0,1.0
0.1,fault_10_00,28,first_coverage,0.0,1.0
0.1,fault_10_00,29,first_coverage,1.0,1.0
0.1,fault_10_00,30,first_coverage,0.0,1.0
0.1,fault_10_00,31,first_coverage,0.0,1.0
0.1,fault_10_00,32,first_coverage,0.0,1.0
0.1,fault_10_00,33,first_coverage,0.0,1.0
0.1,fault_10_00,34,first_coverage,0.0,1.0
0.1,fault_10_00,35,first_coverage,0.0,1.0
0.1,fault_10_00,36,first_coverage,0.0,1.0
0.1,fault_10_00,37,first_coverage,0.0,1.0
0.1,fault_10_00,38,first_coverage,0.0,1.0
0.1,fault_10_00,39,first_coverage,0.0,1.0
0.1,fault_10_00,40,first_coverage,0.0,1.0
0.1,fault_10_00,1,window5_two,0.0,2.0
0.1,fault_10_00,2,window5_two,0.0,2.0
0.1,fault_10_00,3,window5_two,0.0,2.0
0.1,fault_10_00,4,window5_two,0.0,2.0
0.1,fault_10_00,5,window5_two,0.0,2.0
0.1,fault_10_00,6,window5_two,0.0,2.0
0.1,fault_10_00,7,window5_two,0.0,2.0
0.1,fault_10_00,8,window5_two,0.0,2.0
0.1,fault_10_00,9,window5_two,0.0,2.0
0.1,fault_10_00,10,window5_two,0.0,2.0
0.1,fault_10_00,11,window5_two,0.0,2.0
0.1,fault_10_00,12,window5_two,0.0,2.0
0.1,fault_10_00,13,window5_two,0.0,2.0
0.1,fault_10_00,14,window5_two,0.0,2.0
0.1,fault_10_00,15,window5_two,0.0,2.0
0.1,fault_10_00,16,window5_two,0.0,2.0
0.1,fault_10_00,17,window5_two,0.0,2.0
0.1,fault_10_00,18,window5_two,0.0,2.0
0.1,fault_10_00,19,window5_two,1.0,2.0
0.1,fault_10_00,20,window5_two,1.0,2.0
0.1,fault_10_00,21,window5_two,1.0,2.0
0.1,fault_10_00,22,window5_two,1.0,2.0
0.1,fault_10_00,23,window5_two,1.0,2.0
0.1,fault_10_00,24,window5_two,1.0,2.0
0.1,fault_10_00,25,window5_two,1.0,2.0
0.1,fault_10_00,26,window5_two,2.0,2.0
0.1,fault_10_00,27,window5_two,2.0,2.0
0.1,fault_10_00,28,window5_two,2.0,2.0
0.1,fault_10_00,29,window5_two,2.0,2.0
0.1,fault_10_00,30,window5_two,2.0,2.0
0.1,fault_10_00,31,window5_two,1.0,2.0
0.1,fault_10_00,32,window5_two,1.0,2.0
0.1,fault_10_00,33,window5_two,1.0,2.0
0.1,fault_10_00,34,window5_two,0.0,2.0
0.1,fault_10_00,35,window5_two,0.0,2.0
0.1,fault_10_00,36,window5_two,0.0,2.0
0.1,fault_10_00,37,window5_two,0.0,2.0
0.1,fault_10_00,38,window5_two,0.0,2.0
0.1,fault_10_00,39,window5_two,0.0,2.0
0.1,fault_10_00,40,window5_two,0.0,2.0
0.1,fault_10_00,1,window5_calibrated,0.0,1e-12
0.1,fault_10_00,2,window5_calibrated,0.0,1e-12
0.1,fault_10_00,3,window5_calibrated,0.0,1e-12
0.1,fault_10_00,4,window5_calibrated,0.0,1e-12
0.1,fault_10_00,5,window5_calibrated,0.0,1e-12
0.1,fault_10_00,6,window5_calibrated,0.0,1e-12
0.1,fault_10_00,7,window5_calibrated,0.0,1e-12
0.1,fault_10_00,8,window5_calibrated,0.0,1e-12
0.1,fault_10_00,9,window5_calibrated,0.0,1e-12
0.1,fault_10_00,10,window5_calibrated,0.0,1e-12
0.1,fault_10_00,11,window5_calibrated,0.0,1e-12
0.1,fault_10_00,12,window5_calibrated,0.0,1e-12
0.1,fault_10_00,13,window5_calibrated,0.0,1e-12
0.1,fault_10_00,14,window5_calibrated,0.0,1e-12
0.1,fault_10_00,15,window5_calibrated,0.0,1e-12
0.1,fault_10_00,16,window5_calibrated,0.0,1e-12
0.1,fault_10_00,17,window5_calibrated,0.0,1e-12
0.1,fault_10_00,18,window5_calibrated,0.0,1e-12
0.1,fault_10_00,19,window5_calibrated,1.0,1e-12
0.1,fault_10_00,20,window5_calibrated,1.0,1e-12
0.1,fault_10_00,21,window5_calibrated,1.0,1e-12
0.1,fault_10_00,22,window5_calibrated,1.0,1e-12
0.1,fault_10_00,23,window5_calibrated,1.0,1e-12
0.1,fault_10_00,24,window5_calibrated,1.0,1e-12
0.1,fault_10_00,25,window5_calibrated,1.0,1e-12
0.1,fault_10_00,26,window5_calibrated,2.0,1e-12
0.1,fault_10_00,27,window5_calibrated,2.0,1e-12
0.1,fault_10_00,28,window5_calibrated,2.0,1e-12
0.1,fault_10_00,29,window5_calibrated,2.0,1e-12
0.1,fault_10_00,30,window5_calibrated,2.0,1e-12
0.1,fault_10_00,31,window5_calibrated,1.0,1e-12
0.1,fault_10_00,32,window5_calibrated,1.0,1e-12
0.1,fault_10_00,33,window5_calibrated,1.0,1e-12
0.1,fault_10_00,34,window5_calibrated,0.0,1e-12
0.1,fault_10_00,35,window5_calibrated,0.0,1e-12
0.1,fault_10_00,36,window5_calibrated,0.0,1e-12
0.1,fault_10_00,37,window5_calibrated,0.0,1e-12
0.1,fault_10_00,38,window5_calibrated,0.0,1e-12
0.1,fault_10_00,39,window5_calibrated,0.0,1e-12
0.1,fault_10_00,40,window5_calibrated,0.0,1e-12
0.1,fault_10_00,1,cusum_fixed,0.0,4.605170185988092
0.1,fault_10_00,2,cusum_fixed,0.0,4.605170185988092
0.1,fault_10_00,3,cusum_fixed,0.0,4.605170185988092
0.1,fault_10_00,4,cusum_fixed,0.0,4.605170185988092
0.1,fault_10_00,5,cusum_fixed,0.0,4.605170185988092
0.1,fault_10_00,6,cusum_fixed,0.0,4.605170185988092
0.1,fault_10_00,7,cusum_fixed,0.0,4.605170185988092
0.1,fault_10_00,8,cusum_fixed,0.0,4.605170185988092
0.1,fault_10_00,9,cusum_fixed,0.0,4.605170185988092
0.1,fault_10_00,10,cusum_fixed,0.0,4.605170185988092
0.1,fault_10_00,11,cusum_fixed,0.0,4.605170185988092
0.1,fault_10_00,12,cusum_fixed,0.0,4.605170185988092
0.1,fault_10_00,13,cusum_fixed,0.0,4.605170185988092
0.1,fault_10_00,14,cusum_fixed,0.0,4.605170185988092
0.1,fault_10_00,15,cusum_fixed,0.0,4.605170185988092
0.1,fault_10_00,16,cusum_fixed,0.0,4.605170185988092
0.1,fault_10_00,17,cusum_fixed,0.0,4.605170185988092
0.1,fault_10_00,18,cusum_fixed,0.0,4.605170185988092
0.1,fault_10_00,19,cusum_fixed,1.8956979948887784,4.605170185988092
0.1,fault_10_00,20,cusum_fixed,1.5851340441264703,4.605170185988092
0.1,fault_10_00,21,cusum_fixed,1.2745700933641622,4.605170185988092
0.1,fault_10_00,22,cusum_fixed,0.964006142601854,4.605170185988092
0.1,fault_10_00,23,cusum_fixed,0.6534421918395459,4.605170185988092
0.1,fault_10_00,24,cusum_fixed,2.5491401867283243,4.605170185988092
0.1,fault_10_00,25,cusum_fixed,2.238576235966016,4.605170185988092
0.1,fault_10_00,26,cusum_fixed,4.134274230854794,4.605170185988092
0.1,fault_10_00,27,cusum_fixed,3.8237102800924863,4.605170185988092
0.1,fault_10_00,28,cusum_fixed,3.513146329330178,4.605170185988092
0.1,fault_10_00,29,cusum_fixed,5.408844324218957,4.605170185988092
0.1,fault_10_00,30,cusum_fixed,5.098280373456649,4.605170185988092
0.1,fault_10_00,31,cusum_fixed,4.7877164226943405,4.605170185988092
0.1,fault_10_00,32,cusum_fixed,4.477152471932032,4.605170185988092
0.1,fault_10_00,33,cusum_fixed,4.166588521169724,4.605170185988092
0.1,fault_10_00,34,cusum_fixed,3.856024570407416,4.605170185988092
0.1,fault_10_00,35,cusum_fixed,3.545460619645108,4.605170185988092
0.1,fault_10_00,36,cusum_fixed,3.2348966688828,4.605170185988092
0.1,fault_10_00,37,cusum_fixed,2.9243327181204917,4.605170185988092
0.1,fault_10_00,38,cusum_fixed,2.6137687673581835,4.605170185988092
0.1,fault_10_00,39,cusum_fixed,2.3032048165958754,4.605170185988092
0.1,fault_10_00,40,cusum_fixed,1.9926408658335673,4.605170185988092
0.1,fault_10_00,1,cusum_calibrated,0.0,1e-12
0.1,fault_10_00,2,cusum_calibrated,0.0,1e-12
0.1,fault_10_00,3,cusum_calibrated,0.0,1e-12
0.1,fault_10_00,4,cusum_calibrated,0.0,1e-12
0.1,fault_10_00,5,cusum_calibrated,0.0,1e-12
0.1,fault_10_00,6,cusum_calibrated,0.0,1e-12
0.1,fault_10_00,7,cusum_calibrated,0.0,1e-12
0.1,fault_10_00,8,cusum_calibrated,0.0,1e-12
0.1,fault_10_00,9,cusum_calibrated,0.0,1e-12
0.1,fault_10_00,10,cusum_calibrated,0.0,1e-12
0.1,fault_10_00,11,cusum_calibrated,0.0,1e-12
0.1,fault_10_00,12,cusum_calibrated,0.0,1e-12
0.1,fault_10_00,13,cusum_calibrated,0.0,1e-12
0.1,fault_10_00,14,cusum_calibrated,0.0,1e-12
0.1,fault_10_00,15,cusum_calibrated,0.0,1e-12
0.1,fault_10_00,16,cusum_calibrated,0.0,1e-12
0.1,fault_10_00,17,cusum_calibrated,0.0,1e-12
0.1,fault_10_00,18,cusum_calibrated,0.0,1e-12
0.1,fault_10_00,19,cusum_calibrated,1.8956979948887784,1e-12
0.1,fault_10_00,20,cusum_calibrated,1.5851340441264703,1e-12
0.1,fault_10_00,21,cusum_calibrated,1.2745700933641622,1e-12
0.1,fault_10_00,22,cusum_calibrated,0.964006142601854,1e-12
0.1,fault_10_00,23,cusum_calibrated,0.6534421918395459,1e-12
0.1,fault_10_00,24,cusum_calibrated,2.5491401867283243,1e-12
0.1,fault_10_00,25,cusum_calibrated,2.238576235966016,1e-12
0.1,fault_10_00,26,cusum_calibrated,4.134274230854794,1e-12
0.1,fault_10_00,27,cusum_calibrated,3.8237102800924863,1e-12
0.1,fault_10_00,28,cusum_calibrated,3.513146329330178,1e-12
0.1,fault_10_00,29,cusum_calibrated,5.408844324218957,1e-12
0.1,fault_10_00,30,cusum_calibrated,5.098280373456649,1e-12
0.1,fault_10_00,31,cusum_calibrated,4.7877164226943405,1e-12
0.1,fault_10_00,32,cusum_calibrated,4.477152471932032,1e-12
0.1,fault_10_00,33,cusum_calibrated,4.166588521169724,1e-12
0.1,fault_10_00,34,cusum_calibrated,3.856024570407416,1e-12
0.1,fault_10_00,35,cusum_calibrated,3.545460619645108,1e-12
0.1,fault_10_00,36,cusum_calibrated,3.2348966688828,1e-12
0.1,fault_10_00,37,cusum_calibrated,2.9243327181204917,1e-12
0.1,fault_10_00,38,cusum_calibrated,2.6137687673581835,1e-12
0.1,fault_10_00,39,cusum_calibrated,2.3032048165958754,1e-12
0.1,fault_10_00,40,cusum_calibrated,1.9926408658335673,1e-12
0.1,fault_10_00,1,edetector_fixed100,0.6613393901300616,100.0
0.1,fault_10_00,2,edetector_fixed100,0.6613393901300616,100.0
0.1,fault_10_00,3,edetector_fixed100,0.6613393901300616,100.0
0.1,fault_10_00,4,edetector_fixed100,0.6613393901300616,100.0
0.1,fault_10_00,5,edetector_fixed100,0.6613393901300616,100.0
0.1,fault_10_00,6,edetector_fixed100,0.6613393901300616,100.0
0.1,fault_10_00,7,edetector_fixed100,0.6613393901300616,100.0
0.1,fault_10_00,8,edetector_fixed100,0.6613393901300616,100.0
0.1,fault_10_00,9,edetector_fixed100,0.6613393901300616,100.0
0.1,fault_10_00,10,edetector_fixed100,0.6613393901300616,100.0
0.1,fault_10_00,11,edetector_fixed100,0.6613393901300616,100.0
0.1,fault_10_00,12,edetector_fixed100,0.6613393901300616,100.0
0.1,fault_10_00,13,edetector_fixed100,0.6613393901300616,100.0
0.1,fault_10_00,14,edetector_fixed100,0.6613393901300616,100.0
0.1,fault_10_00,15,edetector_fixed100,0.6613393901300616,100.0
0.1,fault_10_00,16,edetector_fixed100,0.6613393901300616,100.0
0.1,fault_10_00,17,edetector_fixed100,0.6613393901300616,100.0
0.1,fault_10_00,18,edetector_fixed100,0.6613393901300616,100.0
0.1,fault_10_00,19,edetector_fixed100,8.176436725759782,100.0
0.1,fault_10_00,20,edetector_fixed100,3.4726895914129465,100.0
0.1,fault_10_00,21,edetector_fixed100,2.3430127935410825,100.0
0.1,fault_10_00,22,edetector_fixed100,1.7666630574549669,100.0
0.1,fault_10_00,23,edetector_fixed100,1.4025038482931946,100.0
0.1,fault_10_00,24,edetector_fixed100,10.833907862274154,100.0
0.1,fault_10_00,25,edetector_fixed100,5.608942966213855,100.0
0.1,fault_10_00,26,edetector_fixed100,37.861827250939484,100.0
0.1,fault_10_00,27,edetector_fixed100,22.805771149884393,100.0
0.1,fault_10_00,28,edetector_fixed100,15.905000598909922,100.0
0.1,fault_10_00,29,edetector_fixed100,105.63354817602183,100.0
0.1,fault_10_00,30,edetector_fixed100,68.41979288007371,100.0
0.1,fault_10_00,31,edetector_fixed100,48.1793424651679,100.0
0.1,fault_10_00,32,edetector_fixed100,35.59049085357368,100.0
0.1,fault_10_00,33,edetector_fixed100,27.225192372308584,100.0
0.1,fault_10_00,34,edetector_fixed100,21.392513658312385,100.0
0.1,fault_10_00,35,edetector_fixed100,17.168727059090827,100.0
0.1,fault_10_00,36,edetector_fixed100,14.021758257047392,100.0
0.1,fault_10_00,37,edetector_fixed100,11.646423255212257,100.0
0.1,fault_10_00,38,edetector_fixed100,9.78383815263753,100.0
0.1,fault_10_00,39,edetector_fixed100,8.303068734137232,100.0
0.1,fault_10_00,40,edetector_fixed100,7.110691441898882,100.0
0.1,fault_10_00,1,edetector_calibrated,0.6613393901300616,1.000000001
0.1,fault_10_00,2,edetector_calibrated,0.6613393901300616,1.000000001
0.1,fault_10_00,3,edetector_calibrated,0.6613393901300616,1.000000001
0.1,fault_10_00,4,edetector_calibrated,0.6613393901300616,1.000000001
0.1,fault_10_00,5,edetector_calibrated,0.6613393901300616,1.000000001
0.1,fault_10_00,6,edetector_calibrated,0.6613393901300616,1.000000001
0.1,fault_10_00,7,edetector_calibrated,0.6613393901300616,1.000000001
0.1,fault_10_00,8,edetector_calibrated,0.6613393901300616,1.000000001
0.1,fault_10_00,9,edetector_calibrated,0.6613393901300616,1.000000001
0.1,fault_10_00,10,edetector_calibrated,0.6613393901300616,1.000000001
0.1,fault_10_00,11,edetector_calibrated,0.6613393901300616,1.000000001
0.1,fault_10_00,12,edetector_calibrated,0.6613393901300616,1.000000001
0.1,fault_10_00,13,edetector_calibrated,0.6613393901300616,1.000000001
0.1,fault_10_00,14,edetector_calibrated,0.6613393901300616,1.000000001
0.1,fault_10_00,15,edetector_calibrated,0.6613393901300616,1.000000001
0.1,fault_10_00,16,edetector_calibrated,0.6613393901300616,1.000000001
0.1,fault_10_00,17,edetector_calibrated,0.6613393901300616,1.000000001
0.1,fault_10_00,18,edetector_calibrated,0.6613393901300616,1.000000001
0.1,fault_10_00,19,edetector_calibrated,8.176436725759782,1.000000001
0.1,fault_10_00,20,edetector_calibrated,3.4726895914129465,1.000000001
0.1,fault_10_00,21,edetector_calibrated,2.3430127935410825,1.000000001
0.1,fault_10_00,22,edetector_calibrated,1.7666630574549669,1.000000001
0.1,fault_10_00,23,edetector_calibrated,1.4025038482931946,1.000000001
0.1,fault_10_00,24,edetector_calibrated,10.833907862274154,1.000000001
0.1,fault_10_00,25,edetector_calibrated,5.608942966213855,1.000000001
0.1,fault_10_00,26,edetector_calibrated,37.861827250939484,1.000000001
0.1,fault_10_00,27,edetector_calibrated,22.805771149884393,1.000000001
0.1,fault_10_00,28,edetector_calibrated,15.905000598909922,1.000000001
0.1,fault_10_00,29,edetector_calibrated,105.63354817602183,1.000000001
0.1,fault_10_00,30,edetector_calibrated,68.41979288007371,1.000000001
0.1,fault_10_00,31,edetector_calibrated,48.1793424651679,1.000000001
0.1,fault_10_00,32,edetector_calibrated,35.59049085357368,1.000000001
0.1,fault_10_00,33,edetector_calibrated,27.225192372308584,1.000000001
0.1,fault_10_00,34,edetector_calibrated,21.392513658312385,1.000000001
0.1,fault_10_00,35,edetector_calibrated,17.168727059090827,1.000000001
0.1,fault_10_00,36,edetector_calibrated,14.021758257047392,1.000000001
0.1,fault_10_00,37,edetector_calibrated,11.646423255212257,1.000000001
0.1,fault_10_00,38,edetector_calibrated,9.78383815263753,1.000000001
0.1,fault_10_00,39,edetector_calibrated,8.303068734137232,1.000000001
0.1,fault_10_00,40,edetector_calibrated,7.110691441898882,1.000000001
0.3,fault_30_00,1,first_refusal,0.0,1.0
0.3,fault_30_00,2,first_refusal,0.0,1.0
0.3,fault_30_00,3,first_refusal,0.0,1.0
0.3,fault_30_00,4,first_refusal,0.0,1.0
0.3,fault_30_00,5,first_refusal,0.0,1.0
0.3,fault_30_00,6,first_refusal,0.0,1.0
0.3,fault_30_00,7,first_refusal,0.0,1.0
0.3,fault_30_00,8,first_refusal,0.0,1.0
0.3,fault_30_00,9,first_refusal,0.0,1.0
0.3,fault_30_00,10,first_refusal,0.0,1.0
0.3,fault_30_00,11,first_refusal,0.0,1.0
0.3,fault_30_00,12,first_refusal,0.0,1.0
0.3,fault_30_00,13,first_refusal,0.0,1.0
0.3,fault_30_00,14,first_refusal,0.0,1.0
0.3,fault_30_00,15,first_refusal,0.0,1.0
0.3,fault_30_00,16,first_refusal,0.0,1.0
0.3,fault_30_00,17,first_refusal,0.0,1.0
0.3,fault_30_00,18,first_refusal,0.0,1.0
0.3,fault_30_00,19,first_refusal,0.0,1.0
0.3,fault_30_00,20,first_refusal,0.0,1.0
0.3,fault_30_00,21,first_refusal,0.0,1.0
0.3,fault_30_00,22,first_refusal,0.0,1.0
0.3,fault_30_00,23,first_refusal,0.0,1.0
0.3,fault_30_00,24,first_refusal,0.0,1.0
0.3,fault_30_00,25,first_refusal,0.0,1.0
0.3,fault_30_00,26,first_refusal,0.0,1.0
0.3,fault_30_00,27,first_refusal,0.0,1.0
0.3,fault_30_00,28,first_refusal,0.0,1.0
0.3,fault_30_00,29,first_refusal,0.0,1.0
0.3,fault_30_00,30,first_refusal,0.0,1.0
0.3,fault_30_00,31,first_refusal,0.0,1.0
0.3,fault_30_00,32,first_refusal,0.0,1.0
0.3,fault_30_00,33,first_refusal,0.0,1.0
0.3,fault_30_00,34,first_refusal,0.0,1.0
0.3,fault_30_00,35,first_refusal,0.0,1.0
0.3,fault_30_00,36,first_refusal,0.0,1.0
0.3,fault_30_00,37,first_refusal,0.0,1.0
0.3,fault_30_00,38,first_refusal,0.0,1.0
0.3,fault_30_00,39,first_refusal,0.0,1.0
0.3,fault_30_00,40,first_refusal,0.0,1.0
0.3,fault_30_00,1,first_coverage,0.0,1.0
0.3,fault_30_00,2,first_coverage,0.0,1.0
0.3,fault_30_00,3,first_coverage,0.0,1.0
0.3,fault_30_00,4,first_coverage,0.0,1.0
0.3,fault_30_00,5,first_coverage,0.0,1.0
0.3,fault_30_00,6,first_coverage,0.0,1.0
0.3,fault_30_00,7,first_coverage,0.0,1.0
0.3,fault_30_00,8,first_coverage,0.0,1.0
0.3,fault_30_00,9,first_coverage,0.0,1.0
0.3,fault_30_00,10,first_coverage,0.0,1.0
0.3,fault_30_00,11,first_coverage,0.0,1.0
0.3,fault_30_00,12,first_coverage,0.0,1.0
0.3,fault_30_00,13,first_coverage,0.0,1.0
0.3,fault_30_00,14,first_coverage,0.0,1.0
0.3,fault_30_00,15,first_coverage,0.0,1.0
0.3,fault_30_00,16,first_coverage,0.0,1.0
0.3,fault_30_00,17,first_coverage,0.0,1.0
0.3,fault_30_00,18,first_coverage,0.0,1.0
0.3,fault_30_00,19,first_coverage,0.0,1.0
0.3,fault_30_00,20,first_coverage,0.0,1.0
0.3,fault_30_00,21,first_coverage,1.0,1.0
0.3,fault_30_00,22,first_coverage,1.0,1.0
0.3,fault_30_00,23,first_coverage,1.0,1.0
0.3,fault_30_00,24,first_coverage,0.0,1.0
0.3,fault_30_00,25,first_coverage,0.0,1.0
0.3,fault_30_00,26,first_coverage,1.0,1.0
0.3,fault_30_00,27,first_coverage,0.0,1.0
0.3,fault_30_00,28,first_coverage,0.0,1.0
0.3,fault_30_00,29,first_coverage,0.0,1.0
0.3,fault_30_00,30,first_coverage,1.0,1.0
0.3,fault_30_00,31,first_coverage,0.0,1.0
0.3,fault_30_00,32,first_coverage,0.0,1.0
0.3,fault_30_00,33,first_coverage,0.0,1.0
0.3,fault_30_00,34,first_coverage,1.0,1.0
0.3,fault_30_00,35,first_coverage,0.0,1.0
0.3,fault_30_00,36,first_coverage,1.0,1.0
0.3,fault_30_00,37,first_coverage,0.0,1.0
0.3,fault_30_00,38,first_coverage,0.0,1.0
0.3,fault_30_00,39,first_coverage,0.0,1.0
0.3,fault_30_00,40,first_coverage,1.0,1.0
0.3,fault_30_00,1,window5_two,0.0,2.0
0.3,fault_30_00,2,window5_two,0.0,2.0
0.3,fault_30_00,3,window5_two,0.0,2.0
0.3,fault_30_00,4,window5_two,0.0,2.0
0.3,fault_30_00,5,window5_two,0.0,2.0
0.3,fault_30_00,6,window5_two,0.0,2.0
0.3,fault_30_00,7,window5_two,0.0,2.0
0.3,fault_30_00,8,window5_two,0.0,2.0
0.3,fault_30_00,9,window5_two,0.0,2.0
0.3,fault_30_00,10,window5_two,0.0,2.0
0.3,fault_30_00,11,window5_two,0.0,2.0
0.3,fault_30_00,12,window5_two,0.0,2.0
0.3,fault_30_00,13,window5_two,0.0,2.0
0.3,fault_30_00,14,window5_two,0.0,2.0
0.3,fault_30_00,15,window5_two,0.0,2.0
0.3,fault_30_00,16,window5_two,0.0,2.0
0.3,fault_30_00,17,window5_two,0.0,2.0
0.3,fault_30_00,18,window5_two,0.0,2.0
0.3,fault_30_00,19,window5_two,0.0,2.0
0.3,fault_30_00,20,window5_two,0.0,2.0
0.3,fault_30_00,21,window5_two,1.0,2.0
0.3,fault_30_00,22,window5_two,2.0,2.0
0.3,fault_30_00,23,window5_two,3.0,2.0
0.3,fault_30_00,24,window5_two,3.0,2.0
0.3,fault_30_00,25,window5_two,3.0,2.0
0.3,fault_30_00,26,window5_two,3.0,2.0
0.3,fault_30_00,27,window5_two,2.0,2.0
0.3,fault_30_00,28,window5_two,1.0,2.0
0.3,fault_30_00,29,window5_two,1.0,2.0
0.3,fault_30_00,30,window5_two,2.0,2.0
0.3,fault_30_00,31,window5_two,1.0,2.0
0.3,fault_30_00,32,window5_two,1.0,2.0
0.3,fault_30_00,33,window5_two,1.0,2.0
0.3,fault_30_00,34,window5_two,2.0,2.0
0.3,fault_30_00,35,window5_two,1.0,2.0
0.3,fault_30_00,36,window5_two,2.0,2.0
0.3,fault_30_00,37,window5_two,2.0,2.0
0.3,fault_30_00,38,window5_two,2.0,2.0
0.3,fault_30_00,39,window5_two,1.0,2.0
0.3,fault_30_00,40,window5_two,2.0,2.0
0.3,fault_30_00,1,window5_calibrated,0.0,1e-12
0.3,fault_30_00,2,window5_calibrated,0.0,1e-12
0.3,fault_30_00,3,window5_calibrated,0.0,1e-12
0.3,fault_30_00,4,window5_calibrated,0.0,1e-12
0.3,fault_30_00,5,window5_calibrated,0.0,1e-12
0.3,fault_30_00,6,window5_calibrated,0.0,1e-12
0.3,fault_30_00,7,window5_calibrated,0.0,1e-12
0.3,fault_30_00,8,window5_calibrated,0.0,1e-12
0.3,fault_30_00,9,window5_calibrated,0.0,1e-12
0.3,fault_30_00,10,window5_calibrated,0.0,1e-12
0.3,fault_30_00,11,window5_calibrated,0.0,1e-12
0.3,fault_30_00,12,window5_calibrated,0.0,1e-12
0.3,fault_30_00,13,window5_calibrated,0.0,1e-12
0.3,fault_30_00,14,window5_calibrated,0.0,1e-12
0.3,fault_30_00,15,window5_calibrated,0.0,1e-12
0.3,fault_30_00,16,window5_calibrated,0.0,1e-12
0.3,fault_30_00,17,window5_calibrated,0.0,1e-12
0.3,fault_30_00,18,window5_calibrated,0.0,1e-12
0.3,fault_30_00,19,window5_calibrated,0.0,1e-12
0.3,fault_30_00,20,window5_calibrated,0.0,1e-12
0.3,fault_30_00,21,window5_calibrated,1.0,1e-12
0.3,fault_30_00,22,window5_calibrated,2.0,1e-12
0.3,fault_30_00,23,window5_calibrated,3.0,1e-12
0.3,fault_30_00,24,window5_calibrated,3.0,1e-12
0.3,fault_30_00,25,window5_calibrated,3.0,1e-12
0.3,fault_30_00,26,window5_calibrated,3.0,1e-12
0.3,fault_30_00,27,window5_calibrated,2.0,1e-12
0.3,fault_30_00,28,window5_calibrated,1.0,1e-12
0.3,fault_30_00,29,window5_calibrated,1.0,1e-12
0.3,fault_30_00,30,window5_calibrated,2.0,1e-12
0.3,fault_30_00,31,window5_calibrated,1.0,1e-12
0.3,fault_30_00,32,window5_calibrated,1.0,1e-12
0.3,fault_30_00,33,window5_calibrated,1.0,1e-12
0.3,fault_30_00,34,window5_calibrated,2.0,1e-12
0.3,fault_30_00,35,window5_calibrated,1.0,1e-12
0.3,fault_30_00,36,window5_calibrated,2.0,1e-12
0.3,fault_30_00,37,window5_calibrated,2.0,1e-12
0.3,fault_30_00,38,window5_calibrated,2.0,1e-12
0.3,fault_30_00,39,window5_calibrated,1.0,1e-12
0.3,fault_30_00,40,window5_calibrated,2.0,1e-12
0.3,fault_30_00,1,cusum_fixed,0.0,4.605170185988092
0.3,fault_30_00,2,cusum_fixed,0.0,4.605170185988092
0.3,fault_30_00,3,cusum_fixed,0.0,4.605170185988092
0.3,fault_30_00,4,cusum_fixed,0.0,4.605170185988092
0.3,fault_30_00,5,cusum_fixed,0.0,4.605170185988092
0.3,fault_30_00,6,cusum_fixed,0.0,4.605170185988092
0.3,fault_30_00,7,cusum_fixed,0.0,4.605170185988092
0.3,fault_30_00,8,cusum_fixed,0.0,4.605170185988092
0.3,fault_30_00,9,cusum_fixed,0.0,4.605170185988092
0.3,fault_30_00,10,cusum_fixed,0.0,4.605170185988092
0.3,fault_30_00,11,cusum_fixed,0.0,4.605170185988092
0.3,fault_30_00,12,cusum_fixed,0.0,4.605170185988092
0.3,fault_30_00,13,cusum_fixed,0.0,4.605170185988092
0.3,fault_30_00,14,cusum_fixed,0.0,4.605170185988092
0.3,fault_30_00,15,cusum_fixed,0.0,4.605170185988092
0.3,fault_30_00,16,cusum_fixed,0.0,4.605170185988092
0.3,fault_30_00,17,cusum_fixed,0.0,4.605170185988092
0.3,fault_30_00,18,cusum_fixed,0.0,4.605170185988092
0.3,fault_30_00,19,cusum_fixed,0.0,4.605170185988092
0.3,fault_30_00,20,cusum_fixed,0.0,4.605170185988092
0.3,fault_30_00,21,cusum_fixed,1.8956979948887784,4.605170185988092
0.3,fault_30_00,22,cusum_fixed,3.791395989777557,4.605170185988092
0.3,fault_30_00,23,cusum_fixed,5.687093984666335,4.605170185988092
0.3,fault_30_00,24,cusum_fixed,5.376530033904027,4.605170185988092
0.3,fault_30_00,25,cusum_fixed,5.065966083141719,4.605170185988092
0.3,fault_30_00,26,cusum_fixed,6.9616640780304975,4.605170185988092
0.3,fault_30_00,27,cusum_fixed,6.651100127268189,4.605170185988092
0.3,fault_30_00,28,cusum_fixed,6.340536176505881,4.605170185988092
0.3,fault_30_00,29,cusum_fixed,6.029972225743573,4.605170185988092
0.3,fault_30_00,30,cusum_fixed,7.925670220632352,4.605170185988092
0.3,fault_30_00,31,cusum_fixed,7.615106269870044,4.605170185988092
0.3,fault_30_00,32,cusum_fixed,7.304542319107735,4.605170185988092
0.3,fault_30_00,33,cusum_fixed,6.993978368345427,4.605170185988092
0.3,fault_30_00,34,cusum_fixed,8.889676363234205,4.605170185988092
0.3,fault_30_00,35,cusum_fixed,8.579112412471897,4.605170185988092
0.3,fault_30_00,36,cusum_fixed,10.474810407360675,4.605170185988092
0.3,fault_30_00,37,cusum_fixed,10.164246456598367,4.605170185988092
0.3,fault_30_00,38,cusum_fixed,9.853682505836058,4.605170185988092
0.3,fault_30_00,39,cusum_fixed,9.54311855507375,4.605170185988092
0.3,fault_30_00,40,cusum_fixed,11.438816549962528,4.605170185988092
0.3,fault_30_00,1,cusum_calibrated,0.0,1e-12
0.3,fault_30_00,2,cusum_calibrated,0.0,1e-12
0.3,fault_30_00,3,cusum_calibrated,0.0,1e-12
0.3,fault_30_00,4,cusum_calibrated,0.0,1e-12
0.3,fault_30_00,5,cusum_calibrated,0.0,1e-12
0.3,fault_30_00,6,cusum_calibrated,0.0,1e-12
0.3,fault_30_00,7,cusum_calibrated,0.0,1e-12
0.3,fault_30_00,8,cusum_calibrated,0.0,1e-12
0.3,fault_30_00,9,cusum_calibrated,0.0,1e-12
0.3,fault_30_00,10,cusum_calibrated,0.0,1e-12
0.3,fault_30_00,11,cusum_calibrated,0.0,1e-12
0.3,fault_30_00,12,cusum_calibrated,0.0,1e-12
0.3,fault_30_00,13,cusum_calibrated,0.0,1e-12
0.3,fault_30_00,14,cusum_calibrated,0.0,1e-12
0.3,fault_30_00,15,cusum_calibrated,0.0,1e-12
0.3,fault_30_00,16,cusum_calibrated,0.0,1e-12
0.3,fault_30_00,17,cusum_calibrated,0.0,1e-12
0.3,fault_30_00,18,cusum_calibrated,0.0,1e-12
0.3,fault_30_00,19,cusum_calibrated,0.0,1e-12
0.3,fault_30_00,20,cusum_calibrated,0.0,1e-12
0.3,fault_30_00,21,cusum_calibrated,1.8956979948887784,1e-12
0.3,fault_30_00,22,cusum_calibrated,3.791395989777557,1e-12
0.3,fault_30_00,23,cusum_calibrated,5.687093984666335,1e-12
0.3,fault_30_00,24,cusum_calibrated,5.376530033904027,1e-12
0.3,fault_30_00,25,cusum_calibrated,5.065966083141719,1e-12
0.3,fault_30_00,26,cusum_calibrated,6.9616640780304975,1e-12
0.3,fault_30_00,27,cusum_calibrated,6.651100127268189,1e-12
0.3,fault_30_00,28,cusum_calibrated,6.340536176505881,1e-12
0.3,fault_30_00,29,cusum_calibrated,6.029972225743573,1e-12
0.3,fault_30_00,30,cusum_calibrated,7.925670220632352,1e-12
0.3,fault_30_00,31,cusum_calibrated,7.615106269870044,1e-12
0.3,fault_30_00,32,cusum_calibrated,7.304542319107735,1e-12
0.3,fault_30_00,33,cusum_calibrated,6.993978368345427,1e-12
0.3,fault_30_00,34,cusum_calibrated,8.889676363234205,1e-12
0.3,fault_30_00,35,cusum_calibrated,8.579112412471897,1e-12
0.3,fault_30_00,36,cusum_calibrated,10.474810407360675,1e-12
0.3,fault_30_00,37,cusum_calibrated,10.164246456598367,1e-12
0.3,fault_30_00,38,cusum_calibrated,9.853682505836058,1e-12
0.3,fault_30_00,39,cusum_calibrated,9.54311855507375,1e-12
0.3,fault_30_00,40,cusum_calibrated,11.438816549962528,1e-12
0.3,fault_30_00,1,edetector_fixed100,0.6613393901300616,100.0
0.3,fault_30_00,2,edetector_fixed100,0.6613393901300616,100.0
0.3,fault_30_00,3,edetector_fixed100,0.6613393901300616,100.0
0.3,fault_30_00,4,edetector_fixed100,0.6613393901300616,100.0
0.3,fault_30_00,5,edetector_fixed100,0.6613393901300616,100.0
0.3,fault_30_00,6,edetector_fixed100,0.6613393901300616,100.0
0.3,fault_30_00,7,edetector_fixed100,0.6613393901300616,100.0
0.3,fault_30_00,8,edetector_fixed100,0.6613393901300616,100.0
0.3,fault_30_00,9,edetector_fixed100,0.6613393901300616,100.0
0.3,fault_30_00,10,edetector_fixed100,0.6613393901300616,100.0
0.3,fault_30_00,11,edetector_fixed100,0.6613393901300616,100.0
0.3,fault_30_00,12,edetector_fixed100,0.6613393901300616,100.0
0.3,fault_30_00,13,edetector_fixed100,0.6613393901300616,100.0
0.3,fault_30_00,14,edetector_fixed100,0.6613393901300616,100.0
0.3,fault_30_00,15,edetector_fixed100,0.6613393901300616,100.0
0.3,fault_30_00,16,edetector_fixed100,0.6613393901300616,100.0
0.3,fault_30_00,17,edetector_fixed100,0.6613393901300616,100.0
0.3,fault_30_00,18,edetector_fixed100,0.6613393901300616,100.0
0.3,fault_30_00,19,edetector_fixed100,0.6613393901300616,100.0
0.3,fault_30_00,20,edetector_fixed100,0.6613393901300616,100.0
0.3,fault_30_00,21,edetector_fixed100,8.176436725759782,100.0
0.3,fault_30_00,22,edetector_fixed100,107.85187195449183,100.0
0.3,fault_30_00,23,edetector_fixed100,1812.4401148762447,100.0
0.3,fault_30_00,24,edetector_fixed100,296.7797213651128,100.0
0.3,fault_30_00,25,edetector_fixed100,124.57546338040054,100.0
0.3,fault_30_00,26,edetector_fixed100,1294.3056232381796,100.0
0.3,fault_30_00,27,edetector_fixed100,633.1189340676852,100.0
0.3,fault_30_00,28,edetector_fixed100,347.41349877420356,100.0
0.3,fault_30_00,29,edetector_fixed100,205.88439257749732,100.0
0.3,fault_30_00,30,edetector_fixed100,1802.5261255742068,100.0
0.3,fault_30_00,31,edetector_fixed100,1035.663242087461,100.0
0.3,fault_30_00,32,edetector_fixed100,635.3245272037709,100.0
0.3,fault_30_00,33,edetector_fixed100,412.5043758678131,100.0
0.3,fault_30_00,34,edetector_fixed100,3206.9536661776706,100.0
0.3,fault_30_00,35,edetector_fixed100,2023.054755572494,100.0
0.3,fault_30_00,36,edetector_fixed100,16562.60228654797,100.0
0.3,fault_30_00,37,edetector_fixed100,10231.487183707408,100.0
0.3,fault_30_00,38,edetector_fixed100,6606.3178112744345,100.0
0.3,fault_30_00,39,edetector_fixed100,4422.742759094977,100.0
0.3,fault_30_00,40,edetector_fixed100,33521.30195429286,100.0
0.3,fault_30_00,1,edetector_calibrated,0.6613393901300616,1.000000001
0.3,fault_30_00,2,edetector_calibrated,0.6613393901300616,1.000000001
0.3,fault_30_00,3,edetector_calibrated,0.6613393901300616,1.000000001
0.3,fault_30_00,4,edetector_calibrated,0.6613393901300616,1.000000001
0.3,fault_30_00,5,edetector_calibrated,0.6613393901300616,1.000000001
0.3,fault_30_00,6,edetector_calibrated,0.6613393901300616,1.000000001
0.3,fault_30_00,7,edetector_calibrated,0.6613393901300616,1.000000001
0.3,fault_30_00,8,edetector_calibrated,0.6613393901300616,1.000000001
0.3,fault_30_00,9,edetector_calibrated,0.6613393901300616,1.000000001
0.3,fault_30_00,10,edetector_calibrated,0.6613393901300616,1.000000001
0.3,fault_30_00,11,edetector_calibrated,0.6613393901300616,1.000000001
0.3,fault_30_00,12,edetector_calibrated,0.6613393901300616,1.000000001
0.3,fault_30_00,13,edetector_calibrated,0.6613393901300616,1.000000001
0.3,fault_30_00,14,edetector_calibrated,0.6613393901300616,1.000000001
0.3,fault_30_00,15,edetector_calibrated,0.6613393901300616,1.000000001
0.3,fault_30_00,16,edetector_calibrated,0.6613393901300616,1.000000001
0.3,fault_30_00,17,edetector_calibrated,0.6613393901300616,1.000000001
0.3,fault_30_00,18,edetector_calibrated,0.6613393901300616,1.000000001
0.3,fault_30_00,19,edetector_calibrated,0.6613393901300616,1.000000001
0.3,fault_30_00,20,edetector_calibrated,0.6613393901300616,1.000000001
0.3,fault_30_00,21,edetector_calibrated,8.176436725759782,1.000000001
0.3,fault_30_00,22,edetector_calibrated,107.85187195449183,1.000000001
0.3,fault_30_00,23,edetector_calibrated,1812.4401148762447,1.000000001
0.3,fault_30_00,24,edetector_calibrated,296.7797213651128,1.000000001
0.3,fault_30_00,25,edetector_calibrated,124.57546338040054,1.000000001
0.3,fault_30_00,26,edetector_calibrated,1294.3056232381796,1.000000001
0.3,fault_30_00,27,edetector_calibrated,633.1189340676852,1.000000001
0.3,fault_30_00,28,edetector_calibrated,347.41349877420356,1.000000001
0.3,fault_30_00,29,edetector_calibrated,205.88439257749732,1.000000001
0.3,fault_30_00,30,edetector_calibrated,1802.5261255742068,1.000000001
0.3,fault_30_00,31,edetector_calibrated,1035.663242087461,1.000000001
0.3,fault_30_00,32,edetector_calibrated,635.3245272037709,1.000000001
0.3,fault_30_00,33,edetector_calibrated,412.5043758678131,1.000000001
0.3,fault_30_00,34,edetector_calibrated,3206.9536661776706,1.000000001
0.3,fault_30_00,35,edetector_calibrated,2023.054755572494,1.000000001
0.3,fault_30_00,36,edetector_calibrated,16562.60228654797,1.000000001
0.3,fault_30_00,37,edetector_calibrated,10231.487183707408,1.000000001
0.3,fault_30_00,38,edetector_calibrated,6606.3178112744345,1.000000001
0.3,fault_30_00,39,edetector_calibrated,4422.742759094977,1.000000001
0.3,fault_30_00,40,edetector_calibrated,33521.30195429286,1.000000001
0.6,fault_60_00,1,first_refusal,0.0,1.0
0.6,fault_60_00,2,first_refusal,0.0,1.0
0.6,fault_60_00,3,first_refusal,0.0,1.0
0.6,fault_60_00,4,first_refusal,0.0,1.0
0.6,fault_60_00,5,first_refusal,0.0,1.0
0.6,fault_60_00,6,first_refusal,0.0,1.0
0.6,fault_60_00,7,first_refusal,0.0,1.0
0.6,fault_60_00,8,first_refusal,0.0,1.0
0.6,fault_60_00,9,first_refusal,0.0,1.0
0.6,fault_60_00,10,first_refusal,0.0,1.0
0.6,fault_60_00,11,first_refusal,0.0,1.0
0.6,fault_60_00,12,first_refusal,0.0,1.0
0.6,fault_60_00,13,first_refusal,0.0,1.0
0.6,fault_60_00,14,first_refusal,0.0,1.0
0.6,fault_60_00,15,first_refusal,0.0,1.0
0.6,fault_60_00,16,first_refusal,0.0,1.0
0.6,fault_60_00,17,first_refusal,0.0,1.0
0.6,fault_60_00,18,first_refusal,0.0,1.0
0.6,fault_60_00,19,first_refusal,0.0,1.0
0.6,fault_60_00,20,first_refusal,0.0,1.0
0.6,fault_60_00,21,first_refusal,0.0,1.0
0.6,fault_60_00,22,first_refusal,0.0,1.0
0.6,fault_60_00,23,first_refusal,0.0,1.0
0.6,fault_60_00,24,first_refusal,0.0,1.0
0.6,fault_60_00,25,first_refusal,0.0,1.0
0.6,fault_60_00,26,first_refusal,0.0,1.0
0.6,fault_60_00,27,first_refusal,0.0,1.0
0.6,fault_60_00,28,first_refusal,0.0,1.0
0.6,fault_60_00,29,first_refusal,0.0,1.0
0.6,fault_60_00,30,first_refusal,0.0,1.0
0.6,fault_60_00,31,first_refusal,0.0,1.0
0.6,fault_60_00,32,first_refusal,0.0,1.0
0.6,fault_60_00,33,first_refusal,0.0,1.0
0.6,fault_60_00,34,first_refusal,0.0,1.0
0.6,fault_60_00,35,first_refusal,0.0,1.0
0.6,fault_60_00,36,first_refusal,0.0,1.0
0.6,fault_60_00,37,first_refusal,0.0,1.0
0.6,fault_60_00,38,first_refusal,0.0,1.0
0.6,fault_60_00,39,first_refusal,0.0,1.0
0.6,fault_60_00,40,first_refusal,0.0,1.0
0.6,fault_60_00,1,first_coverage,0.0,1.0
0.6,fault_60_00,2,first_coverage,0.0,1.0
0.6,fault_60_00,3,first_coverage,0.0,1.0
0.6,fault_60_00,4,first_coverage,0.0,1.0
0.6,fault_60_00,5,first_coverage,0.0,1.0
0.6,fault_60_00,6,first_coverage,0.0,1.0
0.6,fault_60_00,7,first_coverage,0.0,1.0
0.6,fault_60_00,8,first_coverage,0.0,1.0
0.6,fault_60_00,9,first_coverage,0.0,1.0
0.6,fault_60_00,10,first_coverage,0.0,1.0
0.6,fault_60_00,11,first_coverage,0.0,1.0
0.6,fault_60_00,12,first_coverage,0.0,1.0
0.6,fault_60_00,13,first_coverage,0.0,1.0
0.6,fault_60_00,14,first_coverage,0.0,1.0
0.6,fault_60_00,15,first_coverage,0.0,1.0
0.6,fault_60_00,16,first_coverage,0.0,1.0
0.6,fault_60_00,17,first_coverage,1.0,1.0
0.6,fault_60_00,18,first_coverage,1.0,1.0
0.6,fault_60_00,19,first_coverage,0.0,1.0
0.6,fault_60_00,20,first_coverage,1.0,1.0
0.6,fault_60_00,21,first_coverage,1.0,1.0
0.6,fault_60_00,22,first_coverage,1.0,1.0
0.6,fault_60_00,23,first_coverage,1.0,1.0
0.6,fault_60_00,24,first_coverage,0.0,1.0
0.6,fault_60_00,25,first_coverage,1.0,1.0
0.6,fault_60_00,26,first_coverage,0.0,1.0
0.6,fault_60_00,27,first_coverage,0.0,1.0
0.6,fault_60_00,28,first_coverage,0.0,1.0
0.6,fault_60_00,29,first_coverage,1.0,1.0
0.6,fault_60_00,30,first_coverage,1.0,1.0
0.6,fault_60_00,31,first_coverage,1.0,1.0
0.6,fault_60_00,32,first_coverage,0.0,1.0
0.6,fault_60_00,33,first_coverage,1.0,1.0
0.6,fault_60_00,34,first_coverage,1.0,1.0
0.6,fault_60_00,35,first_coverage,1.0,1.0
0.6,fault_60_00,36,first_coverage,1.0,1.0
0.6,fault_60_00,37,first_coverage,0.0,1.0
0.6,fault_60_00,38,first_coverage,0.0,1.0
0.6,fault_60_00,39,first_coverage,1.0,1.0
0.6,fault_60_00,40,first_coverage,0.0,1.0
0.6,fault_60_00,1,window5_two,0.0,2.0
0.6,fault_60_00,2,window5_two,0.0,2.0
0.6,fault_60_00,3,window5_two,0.0,2.0
0.6,fault_60_00,4,window5_two,0.0,2.0
0.6,fault_60_00,5,window5_two,0.0,2.0
0.6,fault_60_00,6,window5_two,0.0,2.0
0.6,fault_60_00,7,window5_two,0.0,2.0
0.6,fault_60_00,8,window5_two,0.0,2.0
0.6,fault_60_00,9,window5_two,0.0,2.0
0.6,fault_60_00,10,window5_two,0.0,2.0
0.6,fault_60_00,11,window5_two,0.0,2.0
0.6,fault_60_00,12,window5_two,0.0,2.0
0.6,fault_60_00,13,window5_two,0.0,2.0
0.6,fault_60_00,14,window5_two,0.0,2.0
0.6,fault_60_00,15,window5_two,0.0,2.0
0.6,fault_60_00,16,window5_two,0.0,2.0
0.6,fault_60_00,17,window5_two,1.0,2.0
0.6,fault_60_00,18,window5_two,2.0,2.0
0.6,fault_60_00,19,window5_two,2.0,2.0
0.6,fault_60_00,20,window5_two,3.0,2.0
0.6,fault_60_00,21,window5_two,4.0,2.0
0.6,fault_60_00,22,window5_two,4.0,2.0
0.6,fault_60_00,23,window5_two,4.0,2.0
0.6,fault_60_00,24,window5_two,4.0,2.0
0.6,fault_60_00,25,window5_two,4.0,2.0
0.6,fault_60_00,26,window5_two,3.0,2.0
0.6,fault_60_00,27,window5_two,2.0,2.0
0.6,fault_60_00,28,window5_two,1.0,2.0
0.6,fault_60_00,29,window5_two,2.0,2.0
0.6,fault_60_00,30,window5_two,2.0,2.0
0.6,fault_60_00,31,window5_two,3.0,2.0
0.6,fault_60_00,32,window5_two,3.0,2.0
0.6,fault_60_00,33,window5_two,4.0,2.0
0.6,fault_60_00,34,window5_two,4.0,2.0
0.6,fault_60_00,35,window5_two,4.0,2.0
0.6,fault_60_00,36,window5_two,4.0,2.0
0.6,fault_60_00,37,window5_two,4.0,2.0
0.6,fault_60_00,38,window5_two,3.0,2.0
0.6,fault_60_00,39,window5_two,3.0,2.0
0.6,fault_60_00,40,window5_two,2.0,2.0
0.6,fault_60_00,1,window5_calibrated,0.0,1e-12
0.6,fault_60_00,2,window5_calibrated,0.0,1e-12
0.6,fault_60_00,3,window5_calibrated,0.0,1e-12
0.6,fault_60_00,4,window5_calibrated,0.0,1e-12
0.6,fault_60_00,5,window5_calibrated,0.0,1e-12
0.6,fault_60_00,6,window5_calibrated,0.0,1e-12
0.6,fault_60_00,7,window5_calibrated,0.0,1e-12
0.6,fault_60_00,8,window5_calibrated,0.0,1e-12
0.6,fault_60_00,9,window5_calibrated,0.0,1e-12
0.6,fault_60_00,10,window5_calibrated,0.0,1e-12
0.6,fault_60_00,11,window5_calibrated,0.0,1e-12
0.6,fault_60_00,12,window5_calibrated,0.0,1e-12
0.6,fault_60_00,13,window5_calibrated,0.0,1e-12
0.6,fault_60_00,14,window5_calibrated,0.0,1e-12
0.6,fault_60_00,15,window5_calibrated,0.0,1e-12
0.6,fault_60_00,16,window5_calibrated,0.0,1e-12
0.6,fault_60_00,17,window5_calibrated,1.0,1e-12
0.6,fault_60_00,18,window5_calibrated,2.0,1e-12
0.6,fault_60_00,19,window5_calibrated,2.0,1e-12
0.6,fault_60_00,20,window5_calibrated,3.0,1e-12
0.6,fault_60_00,21,window5_calibrated,4.0,1e-12
0.6,fault_60_00,22,window5_calibrated,4.0,1e-12
0.6,fault_60_00,23,window5_calibrated,4.0,1e-12
0.6,fault_60_00,24,window5_calibrated,4.0,1e-12
0.6,fault_60_00,25,window5_calibrated,4.0,1e-12
0.6,fault_60_00,26,window5_calibrated,3.0,1e-12
0.6,fault_60_00,27,window5_calibrated,2.0,1e-12
0.6,fault_60_00,28,window5_calibrated,1.0,1e-12
0.6,fault_60_00,29,window5_calibrated,2.0,1e-12
0.6,fault_60_00,30,window5_calibrated,2.0,1e-12
0.6,fault_60_00,31,window5_calibrated,3.0,1e-12
0.6,fault_60_00,32,window5_calibrated,3.0,1e-12
0.6,fault_60_00,33,window5_calibrated,4.0,1e-12
0.6,fault_60_00,34,window5_calibrated,4.0,1e-12
0.6,fault_60_00,35,window5_calibrated,4.0,1e-12
0.6,fault_60_00,36,window5_calibrated,4.0,1e-12
0.6,fault_60_00,37,window5_calibrated,4.0,1e-12
0.6,fault_60_00,38,window5_calibrated,3.0,1e-12
0.6,fault_60_00,39,window5_calibrated,3.0,1e-12
0.6,fault_60_00,40,window5_calibrated,2.0,1e-12
0.6,fault_60_00,1,cusum_fixed,0.0,4.605170185988092
0.6,fault_60_00,2,cusum_fixed,0.0,4.605170185988092
0.6,fault_60_00,3,cusum_fixed,0.0,4.605170185988092
0.6,fault_60_00,4,cusum_fixed,0.0,4.605170185988092
0.6,fault_60_00,5,cusum_fixed,0.0,4.605170185988092
0.6,fault_60_00,6,cusum_fixed,0.0,4.605170185988092
0.6,fault_60_00,7,cusum_fixed,0.0,4.605170185988092
0.6,fault_60_00,8,cusum_fixed,0.0,4.605170185988092
0.6,fault_60_00,9,cusum_fixed,0.0,4.605170185988092
0.6,fault_60_00,10,cusum_fixed,0.0,4.605170185988092
0.6,fault_60_00,11,cusum_fixed,0.0,4.605170185988092
0.6,fault_60_00,12,cusum_fixed,0.0,4.605170185988092
0.6,fault_60_00,13,cusum_fixed,0.0,4.605170185988092
0.6,fault_60_00,14,cusum_fixed,0.0,4.605170185988092
0.6,fault_60_00,15,cusum_fixed,0.0,4.605170185988092
0.6,fault_60_00,16,cusum_fixed,0.0,4.605170185988092
0.6,fault_60_00,17,cusum_fixed,1.8956979948887784,4.605170185988092
0.6,fault_60_00,18,cusum_fixed,3.791395989777557,4.605170185988092
0.6,fault_60_00,19,cusum_fixed,3.4808320390152487,4.605170185988092
0.6,fault_60_00,20,cusum_fixed,5.376530033904027,4.605170185988092
0.6,fault_60_00,21,cusum_fixed,7.272228028792806,4.605170185988092
0.6,fault_60_00,22,cusum_fixed,9.167926023681584,4.605170185988092
0.6,fault_60_00,23,cusum_fixed,11.063624018570362,4.605170185988092
0.6,fault_60_00,24,cusum_fixed,10.753060067808054,4.605170185988092
0.6,fault_60_00,25,cusum_fixed,12.648758062696832,4.605170185988092
0.6,fault_60_00,26,cusum_fixed,12.338194111934524,4.605170185988092
0.6,fault_60_00,27,cusum_fixed,12.027630161172215,4.605170185988092
0.6,fault_60_00,28,cusum_fixed,11.717066210409907,4.605170185988092
0.6,fault_60_00,29,cusum_fixed,13.612764205298685,4.605170185988092
0.6,fault_60_00,30,cusum_fixed,15.508462200187463,4.605170185988092
0.6,fault_60_00,31,cusum_fixed,17.40416019507624,4.605170185988092
0.6,fault_60_00,32,cusum_fixed,17.093596244313932,4.605170185988092
0.6,fault_60_00,33,cusum_fixed,18.98929423920271,4.605170185988092
0.6,fault_60_00,34,cusum_fixed,20.884992234091488,4.605170185988092
0.6,fault_60_00,35,cusum_fixed,22.780690228980266,4.605170185988092
0.6,fault_60_00,36,cusum_fixed,24.676388223869044,4.605170185988092
0.6,fault_60_00,37,cusum_fixed,24.365824273106735,4.605170185988092
0.6,fault_60_00,38,cusum_fixed,24.055260322344427,4.605170185988092
0.6,fault_60_00,39,cusum_fixed,25.950958317233205,4.605170185988092
0.6,fault_60_00,40,cusum_fixed,25.640394366470897,4.605170185988092
0.6,fault_60_00,1,cusum_calibrated,0.0,1e-12
0.6,fault_60_00,2,cusum_calibrated,0.0,1e-12
0.6,fault_60_00,3,cusum_calibrated,0.0,1e-12
0.6,fault_60_00,4,cusum_calibrated,0.0,1e-12
0.6,fault_60_00,5,cusum_calibrated,0.0,1e-12
0.6,fault_60_00,6,cusum_calibrated,0.0,1e-12
0.6,fault_60_00,7,cusum_calibrated,0.0,1e-12
0.6,fault_60_00,8,cusum_calibrated,0.0,1e-12
0.6,fault_60_00,9,cusum_calibrated,0.0,1e-12
0.6,fault_60_00,10,cusum_calibrated,0.0,1e-12
0.6,fault_60_00,11,cusum_calibrated,0.0,1e-12
0.6,fault_60_00,12,cusum_calibrated,0.0,1e-12
0.6,fault_60_00,13,cusum_calibrated,0.0,1e-12
0.6,fault_60_00,14,cusum_calibrated,0.0,1e-12
0.6,fault_60_00,15,cusum_calibrated,0.0,1e-12
0.6,fault_60_00,16,cusum_calibrated,0.0,1e-12
0.6,fault_60_00,17,cusum_calibrated,1.8956979948887784,1e-12
0.6,fault_60_00,18,cusum_calibrated,3.791395989777557,1e-12
0.6,fault_60_00,19,cusum_calibrated,3.4808320390152487,1e-12
0.6,fault_60_00,20,cusum_calibrated,5.376530033904027,1e-12
0.6,fault_60_00,21,cusum_calibrated,7.272228028792806,1e-12
0.6,fault_60_00,22,cusum_calibrated,9.167926023681584,1e-12
0.6,fault_60_00,23,cusum_calibrated,11.063624018570362,1e-12
0.6,fault_60_00,24,cusum_calibrated,10.753060067808054,1e-12
0.6,fault_60_00,25,cusum_calibrated,12.648758062696832,1e-12
0.6,fault_60_00,26,cusum_calibrated,12.338194111934524,1e-12
0.6,fault_60_00,27,cusum_calibrated,12.027630161172215,1e-12
0.6,fault_60_00,28,cusum_calibrated,11.717066210409907,1e-12
0.6,fault_60_00,29,cusum_calibrated,13.612764205298685,1e-12
0.6,fault_60_00,30,cusum_calibrated,15.508462200187463,1e-12
0.6,fault_60_00,31,cusum_calibrated,17.40416019507624,1e-12
0.6,fault_60_00,32,cusum_calibrated,17.093596244313932,1e-12
0.6,fault_60_00,33,cusum_calibrated,18.98929423920271,1e-12
0.6,fault_60_00,34,cusum_calibrated,20.884992234091488,1e-12
0.6,fault_60_00,35,cusum_calibrated,22.780690228980266,1e-12
0.6,fault_60_00,36,cusum_calibrated,24.676388223869044,1e-12
0.6,fault_60_00,37,cusum_calibrated,24.365824273106735,1e-12
0.6,fault_60_00,38,cusum_calibrated,24.055260322344427,1e-12
0.6,fault_60_00,39,cusum_calibrated,25.950958317233205,1e-12
0.6,fault_60_00,40,cusum_calibrated,25.640394366470897,1e-12
0.6,fault_60_00,1,edetector_fixed100,0.6613393901300616,100.0
0.6,fault_60_00,2,edetector_fixed100,0.6613393901300616,100.0
0.6,fault_60_00,3,edetector_fixed100,0.6613393901300616,100.0
0.6,fault_60_00,4,edetector_fixed100,0.6613393901300616,100.0
0.6,fault_60_00,5,edetector_fixed100,0.6613393901300616,100.0
0.6,fault_60_00,6,edetector_fixed100,0.6613393901300616,100.0
0.6,fault_60_00,7,edetector_fixed100,0.6613393901300616,100.0
0.6,fault_60_00,8,edetector_fixed100,0.6613393901300616,100.0
0.6,fault_60_00,9,edetector_fixed100,0.6613393901300616,100.0
0.6,fault_60_00,10,edetector_fixed100,0.6613393901300616,100.0
0.6,fault_60_00,11,edetector_fixed100,0.6613393901300616,100.0
0.6,fault_60_00,12,edetector_fixed100,0.6613393901300616,100.0
0.6,fault_60_00,13,edetector_fixed100,0.6613393901300616,100.0
0.6,fault_60_00,14,edetector_fixed100,0.6613393901300616,100.0
0.6,fault_60_00,15,edetector_fixed100,0.6613393901300616,100.0
0.6,fault_60_00,16,edetector_fixed100,0.6613393901300616,100.0
0.6,fault_60_00,17,edetector_fixed100,8.176436725759782,100.0
0.6,fault_60_00,18,edetector_fixed100,107.85187195449183,100.0
0.6,fault_60_00,19,edetector_fixed100,27.41126946818055,100.0
0.6,fault_60_00,20,edetector_fixed100,296.7797213651128,100.0
0.6,fault_60_00,21,edetector_fixed100,3945.8990027846767,100.0
0.6,fault_60_00,22,edetector_fixed100,60134.87273098707,100.0
0.6,fault_60_00,23,edetector_fixed100,1010102.8964408755,100.0
0.6,fault_60_00,24,edetector_fixed100,197923.6409501071,100.0
0.6,fault_60_00,25,edetector_fixed100,2750136.0089249476,100.0
0.6,fault_60_00,26,edetector_fixed100,953900.3705392056,100.0
0.6,fault_60_00,27,edetector_fixed100,420340.48017683905,100.0
0.6,fault_60_00,28,edetector_fixed100,197624.48555159578,100.0
0.6,fault_60_00,29,edetector_fixed100,2316151.6185532087,100.0
0.6,fault_60_00,30,edetector_fixed100,28371878.273297455,100.0
0.6,fault_60_00,31,edetector_fixed100,358036209.917001,100.0
0.6,fault_60_00,32,edetector_fixed100,157421859.0610318,100.0
0.6,fault_60_00,33,edetector_fixed100,1988465507.3837826,100.0
0.6,fault_60_00,34,edetector_fixed100,25591564288.372356,100.0
0.6,fault_60_00,35,edetector_fixed100,156594840347.07083,100.0
0.6,fault_60_00,36,edetector_fixed100,264398773517.41528,100.0
0.6,fault_60_00,37,edetector_fixed100,133497424386.86572,100.0
0.6,fault_60_00,38,edetector_fixed100,72364832298.2063,100.0
0.6,fault_60_00,39,edetector_fixed100,289664434199.9013,100.0
0.6,fault_60_00,40,edetector_fixed100,154559727959.0881,100.0
0.6,fault_60_00,1,edetector_calibrated,0.6613393901300616,1.000000001
0.6,fault_60_00,2,edetector_calibrated,0.6613393901300616,1.000000001
0.6,fault_60_00,3,edetector_calibrated,0.6613393901300616,1.000000001
0.6,fault_60_00,4,edetector_calibrated,0.6613393901300616,1.000000001
0.6,fault_60_00,5,edetector_calibrated,0.6613393901300616,1.000000001
0.6,fault_60_00,6,edetector_calibrated,0.6613393901300616,1.000000001
0.6,fault_60_00,7,edetector_calibrated,0.6613393901300616,1.000000001
0.6,fault_60_00,8,edetector_calibrated,0.6613393901300616,1.000000001
0.6,fault_60_00,9,edetector_calibrated,0.6613393901300616,1.000000001
0.6,fault_60_00,10,edetector_calibrated,0.6613393901300616,1.000000001
0.6,fault_60_00,11,edetector_calibrated,0.6613393901300616,1.000000001
0.6,fault_60_00,12,edetector_calibrated,0.6613393901300616,1.000000001
0.6,fault_60_00,13,edetector_calibrated,0.6613393901300616,1.000000001
0.6,fault_60_00,14,edetector_calibrated,0.6613393901300616,1.000000001
0.6,fault_60_00,15,edetector_calibrated,0.6613393901300616,1.000000001
0.6,fault_60_00,16,edetector_calibrated,0.6613393901300616,1.000000001
0.6,fault_60_00,17,edetector_calibrated,8.176436725759782,1.000000001
0.6,fault_60_00,18,edetector_calibrated,107.85187195449183,1.000000001
0.6,fault_60_00,19,edetector_calibrated,27.41126946818055,1.000000001
0.6,fault_60_00,20,edetector_calibrated,296.7797213651128,1.000000001
0.6,fault_60_00,21,edetector_calibrated,3945.8990027846767,1.000000001
0.6,fault_60_00,22,edetector_calibrated,60134.87273098707,1.000000001
0.6,fault_60_00,23,edetector_calibrated,1010102.8964408755,1.000000001
0.6,fault_60_00,24,edetector_calibrated,197923.6409501071,1.000000001
0.6,fault_60_00,25,edetector_calibrated,2750136.0089249476,1.000000001
0.6,fault_60_00,26,edetector_calibrated,953900.3705392056,1.000000001
0.6,fault_60_00,27,edetector_calibrated,420340.48017683905,1.000000001
0.6,fault_60_00,28,edetector_calibrated,197624.48555159578,1.000000001
0.6,fault_60_00,29,edetector_calibrated,2316151.6185532087,1.000000001
0.6,fault_60_00,30,edetector_calibrated,28371878.273297455,1.000000001
0.6,fault_60_00,31,edetector_calibrated,358036209.917001,1.000000001
0.6,fault_60_00,32,edetector_calibrated,157421859.0610318,1.000000001
0.6,fault_60_00,33,edetector_calibrated,1988465507.3837826,1.000000001
0.6,fault_60_00,34,edetector_calibrated,25591564288.372356,1.000000001
0.6,fault_60_00,35,edetector_calibrated,156594840347.07083,1.000000001
0.6,fault_60_00,36,edetector_calibrated,264398773517.41528,1.000000001
0.6,fault_60_00,37,edetector_calibrated,133497424386.86572,1.000000001
0.6,fault_60_00,38,edetector_calibrated,72364832298.2063,1.000000001
0.6,fault_60_00,39,edetector_calibrated,289664434199.9013,1.000000001
0.6,fault_60_00,40,edetector_calibrated,154559727959.0881,1.000000001
