source,phase,n,complete,bad,quality_u,proxy_u,positives,bad_flagged,bad_refusals,complete_false_flags,complete_u
信息熵在机器学习算法中的运用_张璐瑶.pdf,test,460,424,36,0,0,36,36,0,0,0
基于文本挖掘和机器学习算法的股票投资研究_陆航航.pdf,mean,22,22,0,0,0,0,0,0,0,0
基于文本挖掘和机器学习算法的股票投资研究_陆航航.pdf,threshold,122,122,0,0,0,0,0,0,0,0
基于机器学习和新闻文本的原油期货资产配置研究_钟浩.pdf,test,465,429,36,0,0,36,36,0,0,0
基于机器学习的实证资产定价研究_马甜.pdf,mean,16,16,0,0,0,0,0,0,0,0
基于机器学习的实证资产定价研究_马甜.pdf,threshold,112,112,0,0,0,0,0,0,0,0
基于机器学习算法的P2P网络借贷信用评级产品设计_路杨宁.pdf,mean,19,19,0,0,0,0,0,0,0,0
基于机器学习算法的P2P网络借贷信用评级产品设计_路杨宁.pdf,threshold,130,130,0,0,0,0,0,0,0,0
基于机器学习算法的黑色系期货价格预测_郭梓晗.pdf,test,495,455,40,0,0,40,40,0,0,0
气候金融背景下的气温衍生品定价研究——基于机器学习算法_杨刚.pdf,test,500,461,39,0,0,39,39,0,0,0
面向不平衡数据集的机器学习算法对信贷风险的研究_游云贝.pdf,mean,23,23,0,0,0,0,0,0,0,0
面向不平衡数据集的机器学习算法对信贷风险的研究_游云贝.pdf,threshold,116,116,0,0,0,0,0,0,0,0
