stream,rate,injected,post_bad,post_u,post_coverage_flags
fault_10_00,0.1,4,4,0,4
fault_10_01,0.1,1,1,0,1
fault_10_02,0.1,3,3,0,3
fault_10_03,0.1,2,2,0,2
fault_10_04,0.1,3,3,0,3
fault_10_05,0.1,1,1,0,1
fault_30_00,0.3,8,8,0,8
fault_30_01,0.3,13,13,0,13
fault_30_02,0.3,7,7,0,7
fault_30_03,0.3,5,5,0,5
fault_30_04,0.3,5,5,0,5
fault_30_05,0.3,7,7,0,7
fault_60_00,0.6,15,15,0,15
fault_60_01,0.6,16,16,0,16
fault_60_02,0.6,11,11,0,11
fault_60_03,0.6,15,15,0,15
fault_60_04,0.6,14,14,0,14
fault_60_05,0.6,21,21,0,21
normal_00,0.0,0,0,0,0
normal_01,0.0,0,0,0,0
normal_02,0.0,0,0,0,0
normal_03,0.0,0,0,0,0
normal_04,0.0,0,0,0,0
normal_05,0.0,0,0,0,0
normal_06,0.0,0,0,0,0
normal_07,0.0,0,0,0,0
normal_08,0.0,0,0,0,0
normal_09,0.0,0,0,0,0
normal_10,0.0,0,0,0,0
normal_11,0.0,0,0,0,0
normal_12,0.0,0,0,0,0
normal_13,0.0,0,0,0,0
normal_14,0.0,0,0,0,0
normal_15,0.0,0,0,0,0
normal_16,0.0,0,0,0,0
normal_17,0.0,0,0,0,0
normal_18,0.0,0,0,0,0
normal_19,0.0,0,0,0,0
normal_20,0.0,0,0,0,0
normal_21,0.0,0,0,0,0
normal_22,0.0,0,0,0,0
normal_23,0.0,0,0,0,0
normal_24,0.0,0,0,0,0
normal_25,0.0,0,0,0,0
normal_26,0.0,0,0,0,0
normal_27,0.0,0,0,0,0
normal_28,0.0,0,0,0,0
normal_29,0.0,0,0,0,0
