aid,question_key,condition,quality,quality_provenance,proxy_status,proxy_score,rule_refusal
S0001,O0007,control_corrupted,0,source_supported_control_by_construction,U,,0
S0002,O0007,live_normal,0,two_round_automatic_reference,U,,1
S0003,O0004,live_normal,0,two_round_automatic_reference,U,,0
S0004,O0004,control_omitted,1,source_supported_control_by_construction,U,,0
S0005,O0009,live_normal,0,two_round_automatic_reference,U,,0
S0006,O0003,control_complete,2,source_supported_control_by_construction,complete,0.0,0
S0007,O0011,live_normal,2,two_round_automatic_reference,complete,0.0,0
S0008,O0009,control_complete,2,source_supported_control_by_construction,U,,0
S0009,O0002,live_normal,2,two_round_automatic_reference,complete,0.0,0
S0010,O0007,control_complete,2,source_supported_control_by_construction,U,,0
S0011,O0008,control_omitted,1,source_supported_control_by_construction,incomplete,0.3333333333333333,0
S0012,O0005,control_corrupted,0,source_supported_control_by_construction,incomplete,0.5,0
S0013,O0003,live_normal,2,two_round_automatic_reference,complete,0.0,0
S0014,O0001,control_omitted,1,source_supported_control_by_construction,U,,0
S0015,O0010,control_omitted,1,source_supported_control_by_construction,U,,0
S0016,O0002,control_complete,2,source_supported_control_by_construction,complete,0.0,0
S0017,O0005,live_normal,2,two_round_automatic_reference,complete,0.0,0
S0018,O0010,live_normal,0,two_round_automatic_reference,U,,0
S0019,O0010,control_complete,2,source_supported_control_by_construction,U,,0
S0020,O0001,live_normal,2,two_round_automatic_reference,U,,0
S0021,O0010,control_corrupted,0,source_supported_control_by_construction,U,,0
S0022,O0001,control_corrupted,0,source_supported_control_by_construction,U,,0
S0023,O0005,control_complete,2,source_supported_control_by_construction,complete,0.0,0
S0024,O0004,control_complete,2,source_supported_control_by_construction,U,,0
S0025,O0011,control_corrupted,0,source_supported_control_by_construction,incomplete,0.3333333333333333,0
S0026,O0002,control_corrupted,0,source_supported_control_by_construction,incomplete,0.5,0
S0027,O0011,control_complete,2,source_supported_control_by_construction,complete,0.0,0
S0028,O0004,control_corrupted,0,source_supported_control_by_construction,U,,0
S0029,O0006,control_omitted,1,source_supported_control_by_construction,incomplete,0.3333333333333333,0
S0030,O0009,control_omitted,1,source_supported_control_by_construction,U,,0
S0031,O0008,control_complete,2,source_supported_control_by_construction,complete,0.0,0
S0032,O0001,control_complete,2,source_supported_control_by_construction,U,,0
S0033,O0011,control_omitted,1,source_supported_control_by_construction,incomplete,0.3333333333333333,0
S0034,O0008,control_corrupted,0,source_supported_control_by_construction,incomplete,0.3333333333333333,0
S0035,O0005,control_omitted,1,source_supported_control_by_construction,incomplete,0.5,0
S0036,O0006,control_complete,2,source_supported_control_by_construction,complete,0.0,0
S0037,O0008,live_normal,2,two_round_automatic_reference,complete,0.0,0
S0038,O0002,control_omitted,1,source_supported_control_by_construction,incomplete,0.5,0
S0039,O0006,control_corrupted,0,source_supported_control_by_construction,incomplete,0.3333333333333333,0
S0040,O0007,control_omitted,1,source_supported_control_by_construction,U,,0
S0041,O0006,live_normal,2,two_round_automatic_reference,complete,0.0,0
S0042,O0009,control_corrupted,0,source_supported_control_by_construction,U,,0
S0043,O0003,control_omitted,1,source_supported_control_by_construction,incomplete,0.3333333333333333,0
S0044,O0003,control_corrupted,0,source_supported_control_by_construction,incomplete,0.3333333333333333,0
