aid,question_key,condition,known_quality,predicted_quality,exact
S0001,O0007,control_corrupted,0,0,1
S0004,O0004,control_omitted,1,1,1
S0006,O0003,control_complete,2,2,1
S0008,O0009,control_complete,2,2,1
S0010,O0007,control_complete,2,2,1
S0011,O0008,control_omitted,1,1,1
S0012,O0005,control_corrupted,0,0,1
S0014,O0001,control_omitted,1,1,1
S0015,O0010,control_omitted,1,1,1
S0016,O0002,control_complete,2,2,1
S0019,O0010,control_complete,2,2,1
S0021,O0010,control_corrupted,0,0,1
S0022,O0001,control_corrupted,0,0,1
S0023,O0005,control_complete,2,2,1
S0024,O0004,control_complete,2,2,1
S0025,O0011,control_corrupted,0,0,1
S0026,O0002,control_corrupted,0,0,1
S0027,O0011,control_complete,2,2,1
S0028,O0004,control_corrupted,0,0,1
S0029,O0006,control_omitted,1,1,1
S0030,O0009,control_omitted,1,1,1
S0031,O0008,control_complete,2,2,1
S0032,O0001,control_complete,2,2,1
S0033,O0011,control_omitted,1,1,1
S0034,O0008,control_corrupted,0,0,1
S0035,O0005,control_omitted,1,1,1
S0036,O0006,control_complete,2,2,1
S0038,O0002,control_omitted,1,1,1
S0039,O0006,control_corrupted,0,0,1
S0040,O0007,control_omitted,1,1,1
S0042,O0009,control_corrupted,0,0,1
S0043,O0003,control_omitted,1,1,1
S0044,O0003,control_corrupted,0,0,1
