question_key,slots,proxy_basis_valid,reference_quotes_present,interpretation
O0001,2,0,2,literal_availability_only_not_semantic_support
O0002,2,1,2,literal_availability_only_not_semantic_support
O0003,3,1,3,literal_availability_only_not_semantic_support
O0004,3,0,0,literal_availability_only_not_semantic_support
O0005,2,1,2,literal_availability_only_not_semantic_support
O0006,3,1,3,literal_availability_only_not_semantic_support
O0007,2,0,0,literal_availability_only_not_semantic_support
O0008,3,1,3,literal_availability_only_not_semantic_support
O0009,2,0,0,literal_availability_only_not_semantic_support
O0010,2,0,0,literal_availability_only_not_semantic_support
O0011,3,1,3,literal_availability_only_not_semantic_support
