aid,qid,question_key,condition,quality,proxy_status,proxy_score,rule_refusal,finish_reason
N0001,fin_013,T0004,cached,2,complete,0.0,0,stop
N0002,fin_013,T0004,known_omission_control,1,incomplete,0.25,0,stop
N0003,fin_022,T0008,mineru_retrieved,2,complete,0.0,0,stop
N0004,fin_008,T0002,mineru_retrieved,1,U,,0,stop
N0005,fin_039,T0012,cached,U,U,,0,stop
N0006,fin_007,T0001,mineru_retrieved,2,U,,0,stop
N0007,fin_039,T0012,mineru_retrieved,1,incomplete,0.125,0,stop
N0008,fin_019,T0007,cached,U,incomplete,1.0,0,stop
N0009,fin_007,T0001,cached,2,U,,0,stop
N0010,fin_019,T0007,mineru_retrieved,1,complete,0.0,0,stop
N0011,fin_024,T0010,cached,U,incomplete,0.41666666666666663,0,stop
N0012,fin_023,T0009,mineru_retrieved,U,complete,0.0,0,stop
N0013,fin_014,T0005,cached,U,incomplete,0.625,0,stop
N0014,fin_013,T0004,mineru_retrieved,2,complete,0.0,0,stop
N0015,fin_036,T0011,mineru_retrieved,2,U,,0,stop
N0016,fin_014,T0005,mineru_retrieved,U,complete,0.0,0,stop
N0017,fin_022,T0008,cached,1,incomplete,0.125,0,stop
N0018,fin_008,T0002,cached,1,U,,0,stop
N0019,fin_024,T0010,mineru_retrieved,U,complete,0.0,0,stop
N0020,fin_017,T0006,mineru_retrieved,U,U,,0,stop
N0021,fin_017,T0006,cached,U,U,,0,stop
N0022,fin_023,T0009,cached,U,complete,0.0,0,stop
N0023,fin_011,T0003,cached,U,U,,0,stop
N0024,fin_036,T0011,cached,U,U,,0,stop
N0025,fin_011,T0003,mineru_retrieved,U,U,,0,stop
