aid,qid,condition,quality,proxy_status,quality_u_cause,proxy_u_cause
N0001,fin_013,cached,2,complete,,
N0002,fin_013,known_omission_control,1,incomplete,,
N0003,fin_022,mineru_retrieved,2,complete,,
N0004,fin_008,mineru_retrieved,1,U,,basis_scope_unresolved
N0005,fin_039,cached,U,U,point_schema_mismatch,point_schema_mismatch
N0006,fin_007,mineru_retrieved,2,U,,basis_scope_unresolved
N0007,fin_039,mineru_retrieved,1,incomplete,,
N0008,fin_019,cached,U,incomplete,two_round_disagreement,
N0009,fin_007,cached,2,U,,basis_scope_unresolved
N0010,fin_019,mineru_retrieved,1,complete,,
N0011,fin_024,cached,U,incomplete,basis_scope_unresolved,
N0012,fin_023,mineru_retrieved,U,complete,basis_scope_unresolved,
N0013,fin_014,cached,U,incomplete,basis_scope_unresolved,
N0014,fin_013,mineru_retrieved,2,complete,,
N0015,fin_036,mineru_retrieved,2,U,,basis_scope_unresolved
N0016,fin_014,mineru_retrieved,U,complete,basis_scope_unresolved,
N0017,fin_022,cached,1,incomplete,,
N0018,fin_008,cached,1,U,,basis_scope_unresolved
N0019,fin_024,mineru_retrieved,U,complete,basis_scope_unresolved,
N0020,fin_017,mineru_retrieved,U,U,basis_scope_unresolved,basis_scope_unresolved
N0021,fin_017,cached,U,U,basis_scope_unresolved,basis_scope_unresolved
N0022,fin_023,cached,U,complete,basis_scope_unresolved,
N0023,fin_011,cached,U,U,basis_scope_unresolved,basis_scope_unresolved
N0024,fin_036,cached,U,U,two_round_disagreement,basis_scope_unresolved
N0025,fin_011,mineru_retrieved,U,U,basis_scope_unresolved,basis_scope_unresolved
