input_id,source,status,source_checks_pass,exact_request_duplicate,experimental_admission,errors
J001_1,基于文本挖掘和机器学习算法的股票投资研究_陆航航.pdf,pending,1,0,1,
J001_2,基于文本挖掘和机器学习算法的股票投资研究_陆航航.pdf,pending,0,0,0,no_valid_scalar_candidate
J002_1,基于机器学习算法的P2P网络借贷信用评级产品设计_路杨宁.pdf,pending,1,0,1,
J002_2,基于机器学习算法的P2P网络借贷信用评级产品设计_路杨宁.pdf,pending,1,0,1,
J003_1,气候金融背景下的气温衍生品定价研究——基于机器学习算法_杨刚.pdf,pending,1,0,1,
J003_2,气候金融背景下的气温衍生品定价研究——基于机器学习算法_杨刚.pdf,pending,1,0,1,
J004_1,基于机器学习算法的互联网金融风控模型研究_范晶晶.pdf,pending,1,0,1,
J004_2,基于机器学习算法的互联网金融风控模型研究_范晶晶.pdf,pending,0,0,0,no_valid_scalar_candidate
J005_1,面向不平衡数据集的机器学习算法对信贷风险的研究_游云贝.pdf,pending,1,0,1,
J005_2,面向不平衡数据集的机器学习算法对信贷风险的研究_游云贝.pdf,pending,0,0,0,expected_or_quote_not_source_literal
J006_1,基于机器学习算法的选股与择时量化投资策略研究_孙博文.pdf,pending,1,0,1,
J006_2,基于机器学习算法的选股与择时量化投资策略研究_孙博文.pdf,pending,0,0,0,non_numeric_number
J007_1,基于机器学习和新闻文本的原油期货资产配置研究_钟浩.pdf,pending,1,0,1,
J007_2,基于机器学习和新闻文本的原油期货资产配置研究_钟浩.pdf,pending,1,0,1,
J008_1,基于机器学习算法的商品期货配对交易策略研究_黎炫朝.pdf,pending,1,0,1,
J008_2,基于机器学习算法的商品期货配对交易策略研究_黎炫朝.pdf,pending,0,0,0,
J009_1,信息熵在机器学习算法中的运用_张璐瑶.pdf,pending,1,0,1,
J009_2,信息熵在机器学习算法中的运用_张璐瑶.pdf,pending,1,0,1,
J010_1,基于机器学习算法的黑色系期货价格预测_郭梓晗.pdf,pending,1,0,1,
J010_2,基于机器学习算法的黑色系期货价格预测_郭梓晗.pdf,pending,1,0,1,
J011_1,基于机器学习的家庭风险金融资产投资预测研究_王晓敏.pdf,pending,0,0,0,no_valid_scalar_candidate
J011_2,基于机器学习的家庭风险金融资产投资预测研究_王晓敏.pdf,pending,0,0,0,expected_or_quote_not_source_literal
J012_1,基于机器学习的实证资产定价研究_马甜.pdf,pending,1,0,1,
J012_2,基于机器学习的实证资产定价研究_马甜.pdf,pending,1,0,1,
