source,n,complete,incomplete,quality_u,proxy_u,false_flags,flagged_incomplete,missed_incomplete,unresolved_incomplete,refusals
信息熵在机器学习算法中的运用_张璐瑶.pdf,2,2,0,0,0,0,0,0,0,0
基于文本挖掘和机器学习算法的股票投资研究_陆航航.pdf,1,1,0,0,0,0,0,0,0,0
基于机器学习和新闻文本的原油期货资产配置研究_钟浩.pdf,2,2,0,0,0,0,0,0,0,0
基于机器学习的实证资产定价研究_马甜.pdf,2,2,0,0,0,0,0,0,0,0
基于机器学习算法的P2P网络借贷信用评级产品设计_路杨宁.pdf,2,1,1,0,0,0,1,0,0,0
基于机器学习算法的互联网金融风控模型研究_范晶晶.pdf,1,1,0,0,0,0,0,0,0,0
基于机器学习算法的商品期货配对交易策略研究_黎炫朝.pdf,1,1,0,0,0,0,0,0,0,0
基于机器学习算法的选股与择时量化投资策略研究_孙博文.pdf,1,1,0,0,0,0,0,0,0,0
基于机器学习算法的黑色系期货价格预测_郭梓晗.pdf,2,2,0,0,0,0,0,0,0,0
气候金融背景下的气温衍生品定价研究——基于机器学习算法_杨刚.pdf,2,2,0,0,0,0,0,0,0,0
面向不平衡数据集的机器学习算法对信贷风险的研究_游云贝.pdf,1,1,0,0,0,0,0,0,0,0
