aid,question_key,condition,source,quality,proxy,refusal,finish_reason
N0001,P0001,live_normal,基于文本挖掘和机器学习算法的股票投资研究_陆航航.pdf,2,complete,0,stop
N0002,P0008,live_reverse,基于机器学习算法的选股与择时量化投资策略研究_孙博文.pdf,2,complete,0,stop
N0003,P0002,live_normal,基于机器学习算法的P2P网络借贷信用评级产品设计_路杨宁.pdf,2,complete,0,stop
N0004,P0016,live_reverse,基于机器学习的实证资产定价研究_马甜.pdf,2,complete,0,stop
N0005,P0017,live_reverse,基于机器学习的实证资产定价研究_马甜.pdf,2,complete,0,stop
N0006,P0006,live_reverse,基于机器学习算法的互联网金融风控模型研究_范晶晶.pdf,2,complete,0,stop
N0007,P0015,live_normal,基于机器学习算法的黑色系期货价格预测_郭梓晗.pdf,2,complete,0,stop
N0008,P0008,live_dedup,基于机器学习算法的选股与择时量化投资策略研究_孙博文.pdf,2,complete,0,stop
N0009,P0017,live_distractor,基于机器学习的实证资产定价研究_马甜.pdf,2,complete,0,stop
N0010,P0012,live_distractor,信息熵在机器学习算法中的运用_张璐瑶.pdf,2,complete,0,stop
N0011,P0001,live_distractor,基于文本挖掘和机器学习算法的股票投资研究_陆航航.pdf,2,complete,0,stop
N0012,P0017,live_dedup,基于机器学习的实证资产定价研究_马甜.pdf,2,complete,0,stop
N0013,P0007,live_distractor,面向不平衡数据集的机器学习算法对信贷风险的研究_游云贝.pdf,2,complete,0,stop
N0014,P0008,live_normal,基于机器学习算法的选股与择时量化投资策略研究_孙博文.pdf,2,complete,0,stop
N0015,P0007,live_reverse,面向不平衡数据集的机器学习算法对信贷风险的研究_游云贝.pdf,2,complete,0,stop
N0016,P0011,live_dedup,基于机器学习算法的商品期货配对交易策略研究_黎炫朝.pdf,2,complete,0,stop
N0017,P0004,live_reverse,气候金融背景下的气温衍生品定价研究——基于机器学习算法_杨刚.pdf,2,complete,0,stop
N0018,P0013,live_reverse,信息熵在机器学习算法中的运用_张璐瑶.pdf,2,complete,0,stop
N0019,P0014,live_distractor,基于机器学习算法的黑色系期货价格预测_郭梓晗.pdf,2,complete,0,stop
N0020,P0013,live_distractor,信息熵在机器学习算法中的运用_张璐瑶.pdf,2,complete,0,stop
N0021,P0003,live_reverse,基于机器学习算法的P2P网络借贷信用评级产品设计_路杨宁.pdf,2,complete,0,stop
N0022,P0011,live_reverse,基于机器学习算法的商品期货配对交易策略研究_黎炫朝.pdf,2,complete,0,stop
N0023,P0017,live_normal,基于机器学习的实证资产定价研究_马甜.pdf,2,complete,0,stop
N0024,P0010,live_reverse,基于机器学习和新闻文本的原油期货资产配置研究_钟浩.pdf,2,complete,0,stop
N0025,P0014,live_reverse,基于机器学习算法的黑色系期货价格预测_郭梓晗.pdf,2,complete,0,stop
N0026,P0009,live_reverse,基于机器学习和新闻文本的原油期货资产配置研究_钟浩.pdf,2,complete,0,stop
N0027,P0009,live_distractor,基于机器学习和新闻文本的原油期货资产配置研究_钟浩.pdf,2,complete,0,stop
N0028,P0012,live_reverse,信息熵在机器学习算法中的运用_张璐瑶.pdf,2,complete,0,stop
N0029,P0004,live_normal,气候金融背景下的气温衍生品定价研究——基于机器学习算法_杨刚.pdf,2,complete,0,stop
N0030,P0008,live_distractor,基于机器学习算法的选股与择时量化投资策略研究_孙博文.pdf,2,complete,0,stop
N0031,P0010,live_distractor,基于机器学习和新闻文本的原油期货资产配置研究_钟浩.pdf,2,complete,0,stop
N0032,P0006,live_normal,基于机器学习算法的互联网金融风控模型研究_范晶晶.pdf,2,complete,0,stop
N0033,P0006,live_distractor,基于机器学习算法的互联网金融风控模型研究_范晶晶.pdf,2,complete,0,stop
N0034,P0012,live_normal,信息熵在机器学习算法中的运用_张璐瑶.pdf,2,complete,0,stop
N0035,P0010,live_dedup,基于机器学习和新闻文本的原油期货资产配置研究_钟浩.pdf,2,complete,0,stop
N0036,P0016,live_distractor,基于机器学习的实证资产定价研究_马甜.pdf,2,complete,0,stop
N0037,P0002,live_distractor,基于机器学习算法的P2P网络借贷信用评级产品设计_路杨宁.pdf,2,complete,0,stop
N0038,P0005,live_reverse,气候金融背景下的气温衍生品定价研究——基于机器学习算法_杨刚.pdf,2,complete,0,stop
N0039,P0007,live_dedup,面向不平衡数据集的机器学习算法对信贷风险的研究_游云贝.pdf,2,complete,0,stop
N0040,P0002,live_reverse,基于机器学习算法的P2P网络借贷信用评级产品设计_路杨宁.pdf,2,complete,0,stop
N0041,P0003,live_normal,基于机器学习算法的P2P网络借贷信用评级产品设计_路杨宁.pdf,2,complete,0,stop
N0042,P0016,live_normal,基于机器学习的实证资产定价研究_马甜.pdf,2,complete,0,stop
N0043,P0004,live_dedup,气候金融背景下的气温衍生品定价研究——基于机器学习算法_杨刚.pdf,2,complete,0,stop
N0044,P0014,live_dedup,基于机器学习算法的黑色系期货价格预测_郭梓晗.pdf,2,complete,0,stop
N0045,P0011,live_normal,基于机器学习算法的商品期货配对交易策略研究_黎炫朝.pdf,2,complete,0,stop
N0046,P0013,live_normal,信息熵在机器学习算法中的运用_张璐瑶.pdf,2,complete,0,stop
N0047,P0011,live_distractor,基于机器学习算法的商品期货配对交易策略研究_黎炫朝.pdf,2,complete,0,stop
N0048,P0015,live_distractor,基于机器学习算法的黑色系期货价格预测_郭梓晗.pdf,2,complete,0,stop
N0049,P0014,live_normal,基于机器学习算法的黑色系期货价格预测_郭梓晗.pdf,2,complete,0,stop
N0050,P0013,live_dedup,信息熵在机器学习算法中的运用_张璐瑶.pdf,2,complete,0,stop
N0051,P0016,live_dedup,基于机器学习的实证资产定价研究_马甜.pdf,2,complete,0,stop
N0052,P0007,live_normal,面向不平衡数据集的机器学习算法对信贷风险的研究_游云贝.pdf,2,complete,0,stop
N0053,P0001,live_dedup,基于文本挖掘和机器学习算法的股票投资研究_陆航航.pdf,2,complete,0,stop
N0054,P0003,live_distractor,基于机器学习算法的P2P网络借贷信用评级产品设计_路杨宁.pdf,2,complete,0,stop
N0055,P0009,live_dedup,基于机器学习和新闻文本的原油期货资产配置研究_钟浩.pdf,2,complete,0,stop
N0056,P0004,live_distractor,气候金融背景下的气温衍生品定价研究——基于机器学习算法_杨刚.pdf,2,complete,0,stop
N0057,P0005,live_distractor,气候金融背景下的气温衍生品定价研究——基于机器学习算法_杨刚.pdf,2,complete,0,stop
N0058,P0010,live_normal,基于机器学习和新闻文本的原油期货资产配置研究_钟浩.pdf,2,complete,0,stop
N0059,P0001,live_reverse,基于文本挖掘和机器学习算法的股票投资研究_陆航航.pdf,2,complete,0,stop
N0060,P0002,live_dedup,基于机器学习算法的P2P网络借贷信用评级产品设计_路杨宁.pdf,2,complete,0,stop
N0061,P0015,live_reverse,基于机器学习算法的黑色系期货价格预测_郭梓晗.pdf,2,complete,0,stop
N0062,P0003,live_dedup,基于机器学习算法的P2P网络借贷信用评级产品设计_路杨宁.pdf,2,complete,0,stop
N0063,P0006,live_dedup,基于机器学习算法的互联网金融风控模型研究_范晶晶.pdf,2,complete,0,stop
N0064,P0009,live_normal,基于机器学习和新闻文本的原油期货资产配置研究_钟浩.pdf,2,complete,0,stop
N0065,P0005,live_normal,气候金融背景下的气温衍生品定价研究——基于机器学习算法_杨刚.pdf,2,complete,0,stop
N0066,P0015,live_dedup,基于机器学习算法的黑色系期货价格预测_郭梓晗.pdf,2,complete,0,stop
N0067,P0012,live_dedup,信息熵在机器学习算法中的运用_张璐瑶.pdf,2,complete,0,stop
N0068,P0005,live_dedup,气候金融背景下的气温衍生品定价研究——基于机器学习算法_杨刚.pdf,2,complete,0,stop
