question_key,condition,source,structural,qualified,structural_reason,text_characters,baseline_text_characters
P0001,live_normal,基于文本挖掘和机器学习算法的股票投资研究_陆航航.pdf,1,1,passed,5885,5885
P0001,live_reverse,基于文本挖掘和机器学习算法的股票投资研究_陆航航.pdf,1,1,passed,5885,5885
P0001,live_dedup,基于文本挖掘和机器学习算法的股票投资研究_陆航航.pdf,1,1,passed,5473,5885
P0001,live_distractor,基于文本挖掘和机器学习算法的股票投资研究_陆航航.pdf,1,1,passed,5657,5885
P0002,live_normal,基于机器学习算法的P2P网络借贷信用评级产品设计_路杨宁.pdf,1,1,passed,4785,4785
P0002,live_reverse,基于机器学习算法的P2P网络借贷信用评级产品设计_路杨宁.pdf,1,1,passed,4785,4785
P0002,live_dedup,基于机器学习算法的P2P网络借贷信用评级产品设计_路杨宁.pdf,1,1,passed,4390,4785
P0002,live_distractor,基于机器学习算法的P2P网络借贷信用评级产品设计_路杨宁.pdf,1,1,passed,5148,4785
P0003,live_normal,基于机器学习算法的P2P网络借贷信用评级产品设计_路杨宁.pdf,1,1,passed,3590,3590
P0003,live_reverse,基于机器学习算法的P2P网络借贷信用评级产品设计_路杨宁.pdf,1,1,passed,3590,3590
P0003,live_dedup,基于机器学习算法的P2P网络借贷信用评级产品设计_路杨宁.pdf,1,1,passed,3483,3590
P0003,live_distractor,基于机器学习算法的P2P网络借贷信用评级产品设计_路杨宁.pdf,1,1,passed,3629,3590
P0004,live_normal,气候金融背景下的气温衍生品定价研究——基于机器学习算法_杨刚.pdf,1,1,passed,4612,4612
P0004,live_reverse,气候金融背景下的气温衍生品定价研究——基于机器学习算法_杨刚.pdf,1,1,passed,4612,4612
P0004,live_dedup,气候金融背景下的气温衍生品定价研究——基于机器学习算法_杨刚.pdf,1,1,passed,4257,4612
P0004,live_distractor,气候金融背景下的气温衍生品定价研究——基于机器学习算法_杨刚.pdf,1,1,passed,5112,4612
P0005,live_normal,气候金融背景下的气温衍生品定价研究——基于机器学习算法_杨刚.pdf,1,1,passed,2304,2304
P0005,live_reverse,气候金融背景下的气温衍生品定价研究——基于机器学习算法_杨刚.pdf,1,1,passed,2304,2304
P0005,live_dedup,气候金融背景下的气温衍生品定价研究——基于机器学习算法_杨刚.pdf,1,1,passed,1490,2304
P0005,live_distractor,气候金融背景下的气温衍生品定价研究——基于机器学习算法_杨刚.pdf,1,1,passed,2345,2304
P0006,live_normal,基于机器学习算法的互联网金融风控模型研究_范晶晶.pdf,1,1,passed,4488,4488
P0006,live_reverse,基于机器学习算法的互联网金融风控模型研究_范晶晶.pdf,1,1,passed,4488,4488
P0006,live_dedup,基于机器学习算法的互联网金融风控模型研究_范晶晶.pdf,1,1,passed,3988,4488
P0006,live_distractor,基于机器学习算法的互联网金融风控模型研究_范晶晶.pdf,1,1,passed,4979,4488
P0007,live_normal,面向不平衡数据集的机器学习算法对信贷风险的研究_游云贝.pdf,1,1,passed,3658,3658
P0007,live_reverse,面向不平衡数据集的机器学习算法对信贷风险的研究_游云贝.pdf,1,1,passed,3658,3658
P0007,live_dedup,面向不平衡数据集的机器学习算法对信贷风险的研究_游云贝.pdf,1,1,passed,3247,3658
P0007,live_distractor,面向不平衡数据集的机器学习算法对信贷风险的研究_游云贝.pdf,1,1,passed,4523,3658
P0008,live_normal,基于机器学习算法的选股与择时量化投资策略研究_孙博文.pdf,1,1,passed,3642,3642
P0008,live_reverse,基于机器学习算法的选股与择时量化投资策略研究_孙博文.pdf,1,1,passed,3642,3642
P0008,live_dedup,基于机器学习算法的选股与择时量化投资策略研究_孙博文.pdf,1,1,passed,3146,3642
P0008,live_distractor,基于机器学习算法的选股与择时量化投资策略研究_孙博文.pdf,1,1,passed,4013,3642
P0009,live_normal,基于机器学习和新闻文本的原油期货资产配置研究_钟浩.pdf,1,1,passed,3977,3977
P0009,live_reverse,基于机器学习和新闻文本的原油期货资产配置研究_钟浩.pdf,1,1,passed,3977,3977
P0009,live_dedup,基于机器学习和新闻文本的原油期货资产配置研究_钟浩.pdf,1,1,passed,3977,3977
P0009,live_distractor,基于机器学习和新闻文本的原油期货资产配置研究_钟浩.pdf,1,1,passed,4908,3977
P0010,live_normal,基于机器学习和新闻文本的原油期货资产配置研究_钟浩.pdf,1,1,passed,3926,3926
P0010,live_reverse,基于机器学习和新闻文本的原油期货资产配置研究_钟浩.pdf,1,1,passed,3926,3926
P0010,live_dedup,基于机器学习和新闻文本的原油期货资产配置研究_钟浩.pdf,1,1,passed,3926,3926
P0010,live_distractor,基于机器学习和新闻文本的原油期货资产配置研究_钟浩.pdf,1,1,passed,4845,3926
P0011,live_normal,基于机器学习算法的商品期货配对交易策略研究_黎炫朝.pdf,1,1,passed,2234,2234
P0011,live_reverse,基于机器学习算法的商品期货配对交易策略研究_黎炫朝.pdf,1,1,passed,2234,2234
P0011,live_dedup,基于机器学习算法的商品期货配对交易策略研究_黎炫朝.pdf,1,1,passed,1861,2234
P0011,live_distractor,基于机器学习算法的商品期货配对交易策略研究_黎炫朝.pdf,1,1,passed,1985,2234
P0012,live_normal,信息熵在机器学习算法中的运用_张璐瑶.pdf,1,1,passed,3615,3615
P0012,live_reverse,信息熵在机器学习算法中的运用_张璐瑶.pdf,1,1,passed,3615,3615
P0012,live_dedup,信息熵在机器学习算法中的运用_张璐瑶.pdf,1,1,passed,2822,3615
P0012,live_distractor,信息熵在机器学习算法中的运用_张璐瑶.pdf,1,1,passed,3876,3615
P0013,live_normal,信息熵在机器学习算法中的运用_张璐瑶.pdf,1,1,passed,3448,3448
P0013,live_reverse,信息熵在机器学习算法中的运用_张璐瑶.pdf,1,1,passed,3448,3448
P0013,live_dedup,信息熵在机器学习算法中的运用_张璐瑶.pdf,1,1,passed,3448,3448
P0013,live_distractor,信息熵在机器学习算法中的运用_张璐瑶.pdf,1,1,passed,4474,3448
P0014,live_normal,基于机器学习算法的黑色系期货价格预测_郭梓晗.pdf,1,1,passed,3678,3678
P0014,live_reverse,基于机器学习算法的黑色系期货价格预测_郭梓晗.pdf,1,1,passed,3678,3678
P0014,live_dedup,基于机器学习算法的黑色系期货价格预测_郭梓晗.pdf,1,1,passed,3670,3678
P0014,live_distractor,基于机器学习算法的黑色系期货价格预测_郭梓晗.pdf,1,1,passed,4713,3678
P0015,live_normal,基于机器学习算法的黑色系期货价格预测_郭梓晗.pdf,1,1,passed,2528,2528
P0015,live_reverse,基于机器学习算法的黑色系期货价格预测_郭梓晗.pdf,1,1,passed,2528,2528
P0015,live_dedup,基于机器学习算法的黑色系期货价格预测_郭梓晗.pdf,1,1,passed,2528,2528
P0015,live_distractor,基于机器学习算法的黑色系期货价格预测_郭梓晗.pdf,1,1,passed,2810,2528
P0016,live_normal,基于机器学习的实证资产定价研究_马甜.pdf,1,1,passed,4860,4860
P0016,live_reverse,基于机器学习的实证资产定价研究_马甜.pdf,1,1,passed,4860,4860
P0016,live_dedup,基于机器学习的实证资产定价研究_马甜.pdf,1,1,passed,4860,4860
P0016,live_distractor,基于机器学习的实证资产定价研究_马甜.pdf,1,1,passed,5720,4860
P0017,live_normal,基于机器学习的实证资产定价研究_马甜.pdf,1,1,passed,5214,5214
P0017,live_reverse,基于机器学习的实证资产定价研究_马甜.pdf,1,1,passed,5214,5214
P0017,live_dedup,基于机器学习的实证资产定价研究_马甜.pdf,1,1,passed,4485,5214
P0017,live_distractor,基于机器学习的实证资产定价研究_马甜.pdf,1,1,passed,5387,5214
