question_key,condition,source,text_characters,baseline_text_characters,passages,context_changed,removed_duplicate_characters,latest_required_quote_end_fraction,earliest_required_quote_end_fraction
P0001,live_normal,基于文本挖掘和机器学习算法的股票投资研究_陆航航.pdf,5885,5885,3,0,412,0.09851888833416542,0.09851888833416542
P0001,live_reverse,基于文本挖掘和机器学习算法的股票投资研究_陆航航.pdf,5885,5885,3,1,412,0.7715094025628224,0.7715094025628224
P0001,live_dedup,基于文本挖掘和机器学习算法的股票投资研究_陆航航.pdf,5473,5885,2,1,412,0.7528352835283528,0.7528352835283528
P0001,live_distractor,基于文本挖掘和机器学习算法的股票投资研究_陆航航.pdf,5657,5885,3,1,412,0.7624978377443349,0.7624978377443349
P0002,live_normal,基于机器学习算法的P2P网络借贷信用评级产品设计_路杨宁.pdf,4785,4785,3,0,395,0.4998983946352367,0.48811217232269866
P0002,live_reverse,基于机器学习算法的P2P网络借贷信用评级产品设计_路杨宁.pdf,4785,4785,3,1,395,0.5275350538508433,0.5157488315383052
P0002,live_dedup,基于机器学习算法的P2P网络借贷信用评级产品设计_路杨宁.pdf,4390,4785,1,1,395,0.9050518718989625,0.8919711321605773
P0002,live_distractor,基于机器学习算法的P2P网络借贷信用评级产品设计_路杨宁.pdf,5148,4785,2,1,395,0.9196258113783887,0.9085528827796869
P0003,live_normal,基于机器学习算法的P2P网络借贷信用评级产品设计_路杨宁.pdf,3590,3590,3,0,107,0.14117015566290927,0.12962962962962962
P0003,live_reverse,基于机器学习算法的P2P网络借贷信用评级产品设计_路杨宁.pdf,3590,3590,3,1,107,0.8939881910896403,0.8824476650563607
P0003,live_dedup,基于机器学习算法的P2P网络借贷信用评级产品设计_路杨宁.pdf,3483,3590,2,1,107,0.1472152253008676,0.1351805205709488
P0003,live_distractor,基于机器学习算法的P2P网络借贷信用评级产品设计_路杨宁.pdf,3629,3590,3,1,107,0.19070385126162018,0.17928286852589642
P0004,live_normal,气候金融背景下的气温衍生品定价研究——基于机器学习算法_杨刚.pdf,4612,4612,3,0,355,0.04291123264619268,0.03975599495161969
P0004,live_reverse,气候金融背景下的气温衍生品定价研究——基于机器学习算法_杨刚.pdf,4612,4612,3,1,355,0.8809423643247791,0.6032814472023559
P0004,live_dedup,气候金融背景下的气温衍生品定价研究——基于机器学习算法_杨刚.pdf,4257,4612,2,1,355,0.8699149620776833,0.5665364284072627
P0004,live_distractor,气候金融背景下的气温衍生品定价研究——基于机器学习算法_杨刚.pdf,5112,4612,3,1,355,0.8922725542443852,0.6410354015987819
P0005,live_normal,气候金融背景下的气温衍生品定价研究——基于机器学习算法_杨刚.pdf,2304,2304,3,0,814,0.08789860997547015,0.04578904333605887
P0005,live_reverse,气候金融背景下的气温衍生品定价研究——基于机器学习算法_杨刚.pdf,2304,2304,3,1,814,0.7931316434995912,0.7510220768601799
P0005,live_dedup,气候金融背景下的气温衍生品定价研究——基于机器学习算法_杨刚.pdf,1490,2304,1,1,814,0.13997395833333334,0.07291666666666667
P0005,live_distractor,气候金融背景下的气温衍生品定价研究——基于机器学习算法_杨刚.pdf,2345,2304,2,1,814,0.45838458384583847,0.41615416154161544
P0006,live_normal,基于机器学习算法的互联网金融风控模型研究_范晶晶.pdf,4488,4488,3,0,500,0.08889852558542931,0.08456201214223764
P0006,live_reverse,基于机器学习算法的互联网金融风控模型研究_范晶晶.pdf,4488,4488,3,1,500,0.7794882914137033,0.7751517779705117
P0006,live_dedup,基于机器学习算法的互联网金融风控模型研究_范晶晶.pdf,3988,4488,1,1,500,0.4977656405163853,0.4928003972194637
P0006,live_distractor,基于机器学习算法的互联网金融风控模型研究_范晶晶.pdf,4979,4488,2,1,500,0.6002766251728907,0.5963248369887374
P0007,live_normal,面向不平衡数据集的机器学习算法对信贷风险的研究_游云贝.pdf,3658,3658,3,0,411,0.11342653653389607,0.10524927459773147
P0007,live_reverse,面向不平衡数据集的机器学习算法对信贷风险的研究_游云贝.pdf,3658,3658,3,1,411,0.7863360590873121,0.7781587971511474
P0007,live_dedup,面向不平衡数据集的机器学习算法对信贷风险的研究_游云贝.pdf,3247,3658,2,1,411,0.2866566716641679,0.2773613193403298
P0007,live_distractor,面向不平衡数据集的机器学习算法对信贷风险的研究_游云贝.pdf,4523,3658,3,1,411,0.4890463917525773,0.48238831615120276
P0008,live_normal,基于机器学习算法的选股与择时量化投资策略研究_孙博文.pdf,3642,3642,3,0,496,0.1261930010604454,0.1261930010604454
P0008,live_reverse,基于机器学习算法的选股与择时量化投资策略研究_孙博文.pdf,3642,3642,3,1,496,0.7690880169671261,0.7690880169671261
P0008,live_dedup,基于机器学习算法的选股与择时量化投资策略研究_孙博文.pdf,3146,3642,2,1,496,0.2651608910891089,0.2651608910891089
P0008,live_distractor,基于机器学习算法的选股与择时量化投资策略研究_孙博文.pdf,4013,3642,3,1,496,0.426743905382573,0.426743905382573
P0009,live_normal,基于机器学习和新闻文本的原油期货资产配置研究_钟浩.pdf,3977,3977,3,0,0,0.16739766081871346,0.1145224171539961
P0009,live_reverse,基于机器学习和新闻文本的原油期货资产配置研究_钟浩.pdf,3977,3977,3,1,0,0.9269005847953217,0.8740253411306043
P0009,live_dedup,基于机器学习和新闻文本的原油期货资产配置研究_钟浩.pdf,3977,3977,3,1,0,0.16739766081871346,0.1145224171539961
P0009,live_distractor,基于机器学习和新闻文本的原油期货资产配置研究_钟浩.pdf,4908,3977,4,1,0,0.3270972823946436,0.28436392280425365
P0010,live_normal,基于机器学习和新闻文本的原油期货资产配置研究_钟浩.pdf,3926,3926,3,0,0,0.17443868739205526,0.17443868739205526
P0010,live_reverse,基于机器学习和新闻文本的原油期货资产配置研究_钟浩.pdf,3926,3926,3,1,0,0.9042684431285467,0.9042684431285467
P0010,live_dedup,基于机器学习和新闻文本的原油期货资产配置研究_钟浩.pdf,3926,3926,3,1,0,0.41845546508758946,0.41845546508758946
P0010,live_distractor,基于机器学习和新闻文本的原油期货资产配置研究_钟浩.pdf,4845,3926,4,1,0,0.5300099700897308,0.5300099700897308
P0011,live_normal,基于机器学习算法的商品期货配对交易策略研究_黎炫朝.pdf,2234,2234,3,0,373,0.21558661584074545,0.1952562473528166
P0011,live_reverse,基于机器学习算法的商品期货配对交易策略研究_黎炫朝.pdf,2234,2234,3,1,373,0.8640406607369758,0.843710292249047
P0011,live_dedup,基于机器学习算法的商品期货配对交易策略研究_黎炫朝.pdf,1861,2234,2,1,373,0.4473007712082262,0.4226221079691517
P0011,live_distractor,基于机器学习算法的商品期货配对交易策略研究_黎炫朝.pdf,1985,2234,3,1,373,0.4910037878787879,0.46827651515151514
P0012,live_normal,信息熵在机器学习算法中的运用_张璐瑶.pdf,3615,3615,3,0,793,0.14377855415210966,0.12980381617844666
P0012,live_reverse,信息熵在机器学习算法中的运用_张璐瑶.pdf,3615,3615,3,1,793,0.763504434291857,0.749529696318194
P0012,live_dedup,信息熵在机器学习算法中的运用_张璐瑶.pdf,2822,3615,1,1,793,0.8809523809523809,0.8627450980392157
P0012,live_distractor,信息熵在机器学习算法中的运用_张璐瑶.pdf,3876,3615,2,1,793,0.9138367967562088,0.900658895083629
P0013,live_normal,信息熵在机器学习算法中的运用_张璐瑶.pdf,3448,3448,3,0,0,0.1257737760270118,0.11986494091164884
P0013,live_reverse,信息熵在机器学习算法中的运用_张璐瑶.pdf,3448,3448,3,1,0,0.9079909960607766,0.9020821609454136
P0013,live_dedup,信息熵在机器学习算法中的运用_张璐瑶.pdf,3448,3448,3,1,0,0.9079909960607766,0.9020821609454136
P0013,live_distractor,信息熵在机器学习算法中的运用_张璐瑶.pdf,4474,3448,4,1,0,0.929159445407279,0.9246100519930676
P0014,live_normal,基于机器学习算法的黑色系期货价格预测_郭梓晗.pdf,3678,3678,3,0,8,0.1464699683877766,0.1464699683877766
P0014,live_reverse,基于机器学习算法的黑色系期货价格预测_郭梓晗.pdf,3678,3678,3,1,8,0.9159641728134879,0.9159641728134879
P0014,live_dedup,基于机器学习算法的黑色系期货价格预测_郭梓晗.pdf,3670,3678,2,1,8,0.14834578441835647,0.14834578441835647
P0014,live_distractor,基于机器学习算法的黑色系期货价格预测_郭梓晗.pdf,4713,3678,3,1,8,0.3392672324570482,0.3392672324570482
P0015,live_normal,基于机器学习算法的黑色系期货价格预测_郭梓晗.pdf,2528,2528,3,0,0,0.08767951625094482,0.07634164777021919
P0015,live_reverse,基于机器学习算法的黑色系期货价格预测_郭梓晗.pdf,2528,2528,3,1,0,0.6859410430839002,0.6746031746031746
P0015,live_dedup,基于机器学习算法的黑色系期货价格预测_郭梓晗.pdf,2528,2528,3,1,0,0.6859410430839002,0.6746031746031746
P0015,live_distractor,基于机器学习算法的黑色系期货价格预测_郭梓晗.pdf,2810,2528,4,1,0,0.7200134770889488,0.7099056603773585
P0016,live_normal,基于机器学习的实证资产定价研究_马甜.pdf,4860,4860,3,0,0,0.09565042287555377,0.09565042287555377
P0016,live_reverse,基于机器学习的实证资产定价研究_马甜.pdf,4860,4860,3,1,0,0.8870318163511881,0.8870318163511881
P0016,live_dedup,基于机器学习的实证资产定价研究_马甜.pdf,4860,4860,2,1,0,0.09634888438133875,0.09634888438133875
P0016,live_distractor,基于机器学习的实证资产定价研究_马甜.pdf,5720,4860,3,1,0,0.2353244078269825,0.2353244078269825
P0017,live_normal,基于机器学习的实证资产定价研究_马甜.pdf,5214,5214,3,0,729,0.11390977443609022,0.09718045112781955
P0017,live_reverse,基于机器学习的实证资产定价研究_马甜.pdf,5214,5214,3,1,729,0.7325187969924812,0.7157894736842105
P0017,live_dedup,基于机器学习的实证资产定价研究_马甜.pdf,4485,5214,2,1,729,0.40856201975850714,0.3890230515916575
P0017,live_distractor,基于机器学习的实证资产定价研究_马甜.pdf,5387,5214,3,1,729,0.5095576187875478,0.4933551793191334
